country,year,happiness_score,gdp_per_capita,social_support,healthy_life_expectancy,freedom,generosity,corruption_perception,gdp_value
Finland,2023,7.741,1.844,1.572,0.695,0.859,0.142,0.546,300187202696.08374
Denmark,2023,7.583,1.908,1.52,0.699,0.823,0.204,0.548,404198757537.9742
Iceland,2023,7.525,1.881,1.617,0.718,0.819,0.258,0.182,31020032583.197216
Sweden,2023,7.344,1.878,1.501,0.724,0.838,0.221,0.524,593267701033.4082
Israel,2023,7.341,1.803,1.513,0.74,0.641,0.153,0.193,509901495702.1033
Netherlands,2023,7.319,1.901,1.462,0.706,0.725,0.247,0.372,1118124749886.2942
Norway,2023,7.302,1.952,1.517,0.704,0.835,0.224,0.484,485513316503.6304
Luxembourg,2023,7.122,2.141,1.355,0.708,0.801,0.146,0.432,85755006123.5976
Switzerland,2023,7.06,1.97,1.425,0.747,0.759,0.173,0.498,884940402230.4088
Australia,2023,7.057,1.854,1.461,0.692,0.756,0.225,0.323,1723827215334.7063
New Zealand,2023,7.029,1.81,1.527,0.673,0.746,0.226,0.48,253465703232.146
Costa Rica,2023,6.955,1.561,1.373,0.661,0.797,0.109,0.123,86497941439.01744
Kuwait,2023,6.951,1.845,1.364,0.661,0.827,0.2,0.172,161772221950.94162
Austria,2023,6.905,1.885,1.336,0.696,0.703,0.214,0.305,516034144115.9503
Canada,2023,6.9,1.84,1.459,0.701,0.73,0.23,0.368,2140085567791.452
Belgium,2023,6.894,1.868,1.44,0.69,0.729,0.17,0.311,632216577075.1093
Ireland,2023,6.838,2.129,1.39,0.7,0.758,0.205,0.418,545629450403.7351
Czechia,2023,6.822,1.783,1.511,0.638,0.787,0.177,0.068,330858339871.6861
Lithuania,2023,6.818,1.766,1.454,0.598,0.533,0.044,0.116,77836396962.77196
United Kingdom,2023,6.749,1.822,1.326,0.672,0.713,0.267,0.351,3340032380668.036
Slovenia,2023,6.743,1.786,1.502,0.695,0.789,0.157,0.131,68216781410.52277
United Arab Emirates,2023,6.733,1.983,1.164,0.563,0.815,0.209,0.258,504173451327.43365
United States,2023,6.725,1.939,1.392,0.542,0.586,0.223,0.169,27360935000000.0
Germany,2023,6.719,1.871,1.39,0.702,0.7,0.174,0.368,4456081016705.961
Mexico,2023,6.678,1.521,1.241,0.544,0.722,0.086,0.127,1788886821046.8132
Uruguay,2023,6.611,1.596,1.431,0.592,0.775,0.106,0.22,77240831587.16696
France,2023,6.609,1.818,1.348,0.727,0.65,0.112,0.281,3030904089607.8965
Saudi Arabia,2023,6.594,1.842,1.361,0.511,0.787,0.114,0.188,1067582933333.3334
Kosovo,2023,6.561,1.364,1.277,0.599,0.739,0.254,0.073,10438351483.167696
Singapore,2023,6.523,2.118,1.361,0.769,0.743,0.168,0.575,501427500080.0585
Romania,2023,6.491,1.699,1.236,0.583,0.717,0.041,0.006,351002579629.6701
El Salvador,2023,6.469,1.265,1.08,0.549,0.816,0.083,0.253,34015620000.000004
Estonia,2023,6.448,1.752,1.527,0.657,0.805,0.166,0.401,40744848827.95366
Poland,2023,6.442,1.738,1.417,0.639,0.6,0.081,0.175,811229100687.5663
Spain,2023,6.421,1.766,1.471,0.729,0.619,0.119,0.177,1580694712515.714
Serbia,2023,6.411,1.538,1.391,0.585,0.663,0.2,0.101,75187125426.73755
Chile,2023,6.36,1.616,1.369,0.673,0.651,0.117,0.075,335533331669.2191
Panama,2023,6.358,1.702,1.392,0.633,0.72,0.063,0.043,83382400000.0
Malta,2023,6.346,1.827,1.444,0.707,0.727,0.25,0.125,20956999452.431664
Italy,2023,6.324,1.8,1.328,0.72,0.513,0.112,0.074,2254851212731.8047
Guatemala,2023,6.287,1.26,1.169,0.467,0.735,0.105,0.078,102050473863.63635
Nicaragua,2023,6.284,1.097,1.263,0.542,0.793,0.133,0.251,17829215283.799656
Brazil,2023,6.272,1.43,1.269,0.548,0.685,0.13,0.142,2173665655937.2737
Latvia,2023,6.234,1.7,1.508,0.564,0.666,0.127,0.078,43627078481.28705
Uzbekistan,2023,6.195,1.212,1.394,0.539,0.835,0.251,0.215,90889149306.73126
Argentina,2023,6.188,1.562,1.381,0.585,0.681,0.087,0.08,640591410663.8834
Kazakhstan,2023,6.188,1.622,1.457,0.556,0.733,0.149,0.12,261421121085.57208
Cyprus,2023,6.068,1.794,1.217,0.744,0.529,0.124,0.049,32229622669.195114
Japan,2023,6.06,1.786,1.354,0.785,0.632,0.023,0.219,4212945159781.403
Philippines,2023,6.048,1.232,1.146,0.441,0.826,0.099,0.136,437146372729.9424
Viet Nam,2023,6.043,1.331,1.267,0.539,0.843,0.094,0.16,429716969049.5928
Portugal,2023,6.03,1.728,1.368,0.699,0.757,0.047,0.035,287080013574.4972
Hungary,2023,6.017,1.722,1.528,0.596,0.581,0.123,0.067,212388906458.724
Paraguay,2023,5.977,1.398,1.408,0.549,0.788,0.131,0.065,42956263543.948166
Thailand,2023,5.976,1.484,1.347,0.62,0.756,0.283,0.024,514944993833.5776
Malaysia,2023,5.975,1.646,1.143,0.54,0.829,0.226,0.119,399648828546.5043
China,2023,5.973,1.497,1.239,0.629,0.704,0.132,0.164,17794781986104.457
Honduras,2023,5.968,1.091,1.035,0.502,0.72,0.175,0.081,34400509852.04365
Bahrain,2023,5.959,1.304,1.14011859893799,0.5605,0.602,0.134,0.113,43205000000.0
Croatia,2023,5.942,1.71,1.445,0.637,0.469,0.064,0.043,82688842717.3926
Greece,2023,5.934,1.684,1.276,0.696,0.337,0.018,0.093,238206312632.5277
Bosnia and Herzegovina,2023,5.877,1.465,1.318,0.587,0.621,0.246,0.0,27054889362.885204
Libya,2023,5.866,1.526,1.1,0.55,0.592,0.111,0.204,50491722445.7773
Jamaica,2023,5.842,1.28,1.324,0.567,0.647,0.089,0.028,19423355367.23718
Peru,2023,5.841,1.371,1.18,0.662,0.615,0.078,0.029,267603248655.2527
Dominican Republic,2023,5.823,1.517,1.272,0.511,0.73,0.086,0.196,121444279313.9308
Mauritius,2023,5.816,1.57,1.358,0.49,0.641,0.123,0.118,14397127281.382942
Russian Federation,2023,5.785,1.642,1.351,0.531,0.551,0.138,0.121,2021421476035.417
Bolivia,2023,5.784,1.217,1.179,0.488,0.719,0.1,0.061,45849832906.413895
Ecuador,2023,5.725,1.315,1.151,0.64,0.606,0.087,0.078,118844826000.0
Montenegro,2023,5.707,1.571,1.318,0.587,0.632,0.11,0.132,7404541964.507791
Mongolia,2023,5.696,1.353,1.511,0.4,0.501,0.237,0.055,19872180369.6275
Colombia,2023,5.695,1.437,1.241,0.648,0.644,0.072,0.059,363540156234.8684
Indonesia,2023,5.568,1.361,1.184,0.472,0.779,0.399,0.055,1371171152331.155
Bulgaria,2023,5.463,1.629,1.469,0.567,0.62,0.083,0.006,101584384672.78587
Armenia,2023,5.455,1.444,1.154,0.603,0.65,0.051,0.173,24212134631.064003
South Africa,2023,5.422,1.389,1.369,0.322,0.537,0.078,0.034,377781600985.8731
North Macedonia,2023,5.369,1.475,1.277,0.569,0.58,0.194,0.015,14761237042.205698
Algeria,2023,5.364,1.324,1.191,0.568,0.247,0.091,0.2,239899491127.7424
Albania,2023,5.304,1.438,0.924,0.638,0.69,0.138,0.049,22977677860.79785
Tajikistan,2023,5.281,1.304,1.14011859893799,0.5605,0.602,0.134,0.113,12060602008.847782
Mozambique,2023,5.216,0.56,0.883,0.156,0.728,0.158,0.196,20624597846.549507
Georgia,2023,5.185,1.467,0.99,0.524,0.68,0.0,0.174,30535530479.022663
Iraq,2023,5.166,1.249,0.996,0.498,0.425,0.141,0.048,250842782139.46417
Nepal,2023,5.158,0.965,0.99,0.443,0.653,0.209,0.115,40908073366.84552
Lao PDR,2023,5.139,1.208,0.846,0.423,0.796,0.17,0.167,15843155731.25518
Gabon,2023,5.106,1.403,1.038,0.344,0.516,0.045,0.1,20516134388.66078
Guinea,2023,5.023,0.831,0.622,0.236,0.521,0.21,0.107,23612295818.096096
Senegal,2023,4.969,0.927,0.751,0.392,0.607,0.152,0.069,31013986429.18605
Azerbaijan,2023,4.893,1.433,0.876,0.496,0.668,0.112,0.199,72356176470.58824
Nigeria,2023,4.881,1.042,1.075,0.256,0.566,0.201,0.019,362814951696.0728
Cameroon,2023,4.874,0.943,0.856,0.288,0.521,0.126,0.06,47945510090.05286
Ukraine,2023,4.873,1.35,1.315,0.513,0.631,0.285,0.025,178757021386.80896
Namibia,2023,4.832,1.266,1.212,0.307,0.47,0.069,0.061,12351024843.746696
Morocco,2023,4.795,1.213,0.471,0.495,0.631,0.042,0.082,141109373209.41437
Pakistan,2023,4.657,1.069,0.6,0.321,0.542,0.144,0.074,338368455317.8758
Niger,2023,4.556,0.573,0.677,0.293,0.615,0.145,0.147,16819170420.565315
Burkina Faso,2023,4.548,0.756,0.685,0.274,0.483,0.173,0.179,20324617838.967648
Mauritania,2023,4.505,1.078,0.705,0.4,0.343,0.133,0.198,10452577062.75806
Chad,2023,4.471,0.603,0.805,0.199,0.411,0.218,0.113,13149325358.73826
Kenya,2023,4.47,1.037,0.895,0.353,0.519,0.282,0.069,107440575838.04752
Tunisia,2023,4.422,1.306,0.955,0.579,0.254,0.024,0.018,48529595416.65326
Benin,2023,4.377,0.914,0.128,0.284,0.567,0.112,0.252,19673284686.00226
Uganda,2023,4.372,0.772,1.151,0.373,0.587,0.178,0.054,49272882213.623
Myanmar,2023,4.354,0.978,0.988,0.436,0.45,0.401,0.174,64815031669.095245
Cambodia,2023,4.341,1.011,1.019,0.442,0.863,0.17,0.071,31772759998.85713
Ghana,2023,4.289,1.077,0.747,0.36,0.623,0.183,0.028,76370394412.41626
Liberia,2023,4.269,0.619,0.673,0.301,0.546,0.178,0.075,4332000000.0
Mali,2023,4.232,0.747,0.688,0.267,0.586,0.12,0.09,20904898296.250145
Madagascar,2023,4.228,0.628,0.823,0.333,0.25,0.172,0.123,16031702914.91953
Togo,2023,4.214,0.758,0.586,0.32,0.453,0.127,0.156,9171261835.06264
Jordan,2023,4.186,1.262,0.983,0.594,0.593,0.059,0.189,50813642348.67464
India,2023,4.054,1.166,0.653,0.417,0.767,0.174,0.122,3549918918777.532
Sri Lanka,2023,3.898,1.361,1.179,0.586,0.583,0.144,0.031,84356860421.12996
Bangladesh,2023,3.886,1.122,0.249,0.513,0.775,0.14,0.167,437415331040.9943
Ethiopia,2023,3.861,0.792,0.915,0.42,0.441,0.27,0.101,163697927593.98236
Tanzania,2023,3.781,0.82,0.706,0.38,0.709,0.191,0.257,79158286333.52399
Comoros,2023,3.566,0.896,0.328,0.37,0.172,0.128,0.16,1352380972.1566217
Zambia,2023,3.502,0.899,0.809,0.264,0.727,0.168,0.109,28162630953.9285
Eswatini,2023,3.502,1.255,0.925,0.176,0.284,0.059,0.116,4597855845.042758
Malawi,2023,3.421,0.617,0.41,0.349,0.571,0.135,0.136,14084341062.367504
Botswana,2023,3.383,1.445,0.969,0.241,0.567,0.014,0.082,19395765126.312748
Zimbabwe,2023,3.341,0.748,0.85,0.232,0.487,0.096,0.131,26538273498.84614
Sierra Leone,2023,3.245,0.654,0.566,0.253,0.469,0.181,0.053,3809832236.959593
Lesotho,2023,3.186,0.771,0.851,0.0,0.523,0.082,0.085,2046039024.45854
Finland,2022,7.804,1.888,1.585,0.535,0.772,0.126,0.535,281887430795.72095
Denmark,2022,7.586,1.949,1.548,0.537,0.734,0.208,0.525,400167196948.7074
Iceland,2022,7.53,1.926,1.62,0.559,0.738,0.25,0.187,28701830401.683697
Israel,2022,7.473,1.833,1.521,0.577,0.569,0.124,0.158,525002447652.77344
Netherlands,2022,7.403,1.942,1.488,0.545,0.672,0.251,0.394,1009398719033.078
Sweden,2022,7.395,1.921,1.51,0.562,0.754,0.225,0.52,590409594949.1022
Norway,2022,7.315,1.994,1.521,0.544,0.752,0.212,0.463,593726965415.6191
Switzerland,2022,7.24,2.022,1.463,0.582,0.678,0.151,0.475,818426550206.4498
Luxembourg,2022,7.228,2.2,1.357,0.549,0.71,0.149,0.418,81641807865.75908
New Zealand,2022,7.123,1.842,1.544,0.513,0.672,0.23,0.471,246733522841.35272
Austria,2022,7.097,1.927,1.382,0.535,0.63,0.191,0.31,470941926750.7412
Australia,2022,7.095,1.899,1.497,0.532,0.677,0.242,0.31,1692956646855.7017
Canada,2022,6.961,1.881,1.484,0.541,0.656,0.218,0.364,2161483369422.0144
Ireland,2022,6.911,2.152,1.425,0.539,0.656,0.186,0.409,533140011838.2764
United States,2022,6.894,1.98,1.46,0.39,0.557,0.21,0.172,25744108000000.0
Germany,2022,6.892,1.919,1.401,0.539,0.618,0.153,0.365,4082469490797.681
Belgium,2022,6.859,1.907,1.449,0.528,0.59,0.137,0.273,583613982019.263
Czechia,2022,6.845,1.823,1.544,0.477,0.693,0.158,0.05,290565654835.8094
United Kingdom,2022,6.796,1.857,1.366,0.511,0.626,0.272,0.34,3088839763445.0234
Lithuania,2022,6.763,1.808,1.511,0.432,0.487,0.059,0.089,71013953448.20845
France,2022,6.661,1.856,1.433,0.566,0.582,0.083,0.27,2779092236505.847
Slovenia,2022,6.65,1.815,1.539,0.532,0.707,0.144,0.113,60063475466.34459
Costa Rica,2022,6.609,1.587,1.34,0.503,0.683,0.099,0.116,69243626028.59358
Romania,2022,6.589,1.726,1.28,0.423,0.631,0.044,0.0,298891515898.0265
Singapore,2022,6.587,2.168,1.354,0.607,0.66,0.17,0.561,498474540987.7802
United Arab Emirates,2022,6.571,2.015,1.223,0.401,0.745,0.188,0.247,507063968277.74
Uruguay,2022,6.494,1.617,1.445,0.435,0.683,0.102,0.254,70164683290.37762
Saudi Arabia,2022,6.463,1.861,1.37,0.351,0.682,0.093,0.17,1108571466666.6667
Estonia,2022,6.455,1.798,1.526,0.494,0.728,0.153,0.372,37921480881.54295
Spain,2022,6.436,1.798,1.491,0.567,0.533,0.101,0.157,1417800466262.6514
Italy,2022,6.405,1.832,1.365,0.559,0.438,0.097,0.063,2066972096553.7048
Kosovo,2022,6.368,1.374,1.269,0.372,0.639,0.275,0.045,9354903061.8898
Chile,2022,6.334,1.645,1.384,0.511,0.546,0.131,0.076,302116539409.02985
Mexico,2022,6.33,1.55,1.169,0.389,0.632,0.086,0.115,1463323889036.5598
Malta,2022,6.3,1.841,1.468,0.547,0.671,0.2,0.143,18357069272.76817
Panama,2022,6.265,1.714,1.402,0.475,0.63,0.065,0.036,76522511780.6222
Poland,2022,6.26,1.767,1.474,0.477,0.511,0.12,0.139,689763329458.4408
Nicaragua,2022,6.259,1.109,1.292,0.385,0.66,0.148,0.218,15649934214.927635
Latvia,2022,6.213,1.737,1.505,0.405,0.58,0.107,0.071,40422521943.44179
Bahrain,2022,6.173,1.883,1.269,0.389,0.748,0.199,0.138,44383297872.34042
Guatemala,2022,6.15,1.287,1.188,0.31,0.631,0.106,0.066,95003330315.87544
Kazakhstan,2022,6.144,1.664,1.491,0.389,0.628,0.136,0.149,225496328925.4941
Serbia,2022,6.144,1.552,1.343,0.424,0.617,0.246,0.081,63563410720.70927
Cyprus,2022,6.13,1.824,1.224,0.58,0.455,0.104,0.05,29250532020.074577
Japan,2022,6.129,1.825,1.396,0.622,0.556,0.009,0.207,4256410760723.75
Croatia,2022,6.125,1.727,1.455,0.475,0.5,0.087,0.003,71997070660.48346
Brazil,2022,6.125,1.454,1.25,0.387,0.558,0.131,0.137,1951923942083.32
El Salvador,2022,6.122,1.278,1.044,0.383,0.713,0.079,0.222,31988920000.0
Hungary,2022,6.041,1.754,1.519,0.435,0.501,0.105,0.065,177006128624.62692
Argentina,2022,6.024,1.59,1.388,0.427,0.587,0.088,0.082,631133384439.9445
Honduras,2022,6.023,1.115,1.072,0.341,0.613,0.189,0.062,31426041806.798485
Uzbekistan,2022,6.014,1.227,1.347,0.375,0.74,0.26,0.208,81140823252.41638
Malaysia,2022,6.012,1.665,1.155,0.385,0.659,0.222,0.122,407027451714.616
Portugal,2022,5.968,1.758,1.356,0.537,0.693,0.031,0.037,255196659934.3784
Greece,2022,5.931,1.708,1.247,0.535,0.248,0.008,0.097,217581324512.0592
Mauritius,2022,5.902,1.589,1.382,0.336,0.574,0.121,0.11,12927979286.045298
Thailand,2022,5.843,1.515,1.344,0.461,0.624,0.291,0.013,495645210972.7507
Mongolia,2022,5.84,1.379,1.494,0.244,0.425,0.239,0.058,17146471713.748024
China,2022,5.818,1.51,1.249,0.468,0.666,0.115,0.145,17881783387000.867
Viet Nam,2022,5.763,1.349,1.212,0.381,0.741,0.134,0.122,410324028883.32526
Paraguay,2022,5.738,1.428,1.427,0.392,0.678,0.148,0.062,41952910858.08456
Montenegro,2022,5.722,1.537,1.385,0.424,0.563,0.17,0.061,6229801580.791574
Jamaica,2022,5.703,1.305,1.329,0.411,0.587,0.079,0.039,17097760686.777462
Bolivia,2022,5.684,1.24,1.187,0.329,0.648,0.103,0.06,44008282879.884224
Russian Federation,2022,5.661,1.68,1.383,0.366,0.449,0.12,0.091,2266029240645.338
Bosnia and Herzegovina,2022,5.633,1.467,1.361,0.429,0.485,0.247,0.008,24534663636.17784
Colombia,2022,5.63,1.455,1.213,0.486,0.562,0.08,0.068,345329875078.5117
Dominican Republic,2022,5.569,1.536,1.227,0.351,0.623,0.083,0.195,113537368176.1303
Ecuador,2022,5.559,1.343,1.173,0.476,0.56,0.079,0.069,116586079000.0
Peru,2022,5.526,1.39,1.153,0.499,0.549,0.073,0.027,246488757636.21063
Philippines,2022,5.523,1.238,1.108,0.286,0.714,0.104,0.141,404353369604.6311
Bulgaria,2022,5.466,1.635,1.457,0.408,0.557,0.106,0.013,90346169914.93486
Nepal,2022,5.36,0.979,1.027,0.281,0.567,0.215,0.104,41182939600.67002
Armenia,2022,5.342,1.466,1.134,0.443,0.551,0.053,0.16,19513474648.24293
Tajikistan,2022,5.33,0.972,1.248,0.291,0.599,0.104,0.292,10713525200.39978
Algeria,2022,5.329,1.353,1.298,0.409,0.252,0.073,0.152,225560256621.7572
Albania,2022,5.277,1.449,0.951,0.48,0.549,0.133,0.037,18916378860.54883
Indonesia,2022,5.277,1.384,1.169,0.314,0.663,0.422,0.038,1319076267310.162
South Africa,2022,5.275,1.417,1.428,0.149,0.464,0.09,0.019,405270850098.7384
North Macedonia,2022,5.254,1.498,1.171,0.408,0.515,0.207,0.02,13711469681.153498
Lao PDR,2022,5.111,1.232,0.853,0.257,0.715,0.185,0.162,15468785203.753174
Georgia,2022,5.109,1.477,0.947,0.366,0.539,0.0,0.201,24984568959.604965
Guinea,2022,5.072,0.844,0.776,0.072,0.369,0.204,0.102,20999229260.49945
Ukraine,2022,5.071,1.358,1.354,0.355,0.551,0.265,0.016,161989520721.1905
Gabon,2022,5.035,1.438,1.021,0.183,0.346,0.036,0.102,21071739227.94216
Nigeria,2022,4.981,1.065,1.007,0.092,0.448,0.176,0.013,472624596925.9383
Cameroon,2022,4.973,0.965,0.871,0.118,0.405,0.144,0.059,43644068310.85101
Mozambique,2022,4.954,0.57,0.885,0.0,0.625,0.161,0.192,18406835494.94681
Iraq,2022,4.941,1.281,0.953,0.324,0.351,0.134,0.038,286640340965.5172
Morocco,2022,4.903,1.236,0.535,0.337,0.54,0.013,0.085,130912558829.8398
Senegal,2022,4.855,0.943,0.727,0.231,0.519,0.142,0.06,27619479059.613056
Mauritania,2022,4.724,1.099,0.764,0.244,0.32,0.13,0.195,9744039514.556463
Burkina Faso,2022,4.638,0.768,0.814,0.107,0.419,0.188,0.113,18820219331.22608
Namibia,2022,4.631,1.289,1.126,0.145,0.383,0.069,0.071,12567271004.676125
Ghana,2022,4.605,1.101,0.756,0.197,0.526,0.211,0.035,74263364041.87419
Pakistan,2022,4.555,1.081,0.657,0.158,0.511,0.141,0.102,374787958882.3077
Niger,2022,4.501,0.561,0.628,0.137,0.54,0.154,0.14,15433852712.296335
Tunisia,2022,4.497,1.333,0.981,0.422,0.259,0.022,0.016,44579761022.89928
Kenya,2022,4.487,1.051,0.881,0.19,0.418,0.291,0.055,113419826113.90314
Sri Lanka,2022,4.442,1.422,1.224,0.426,0.539,0.12,0.086,74144875098.05867
Uganda,2022,4.432,0.785,1.144,0.201,0.425,0.197,0.051,45565333216.41416
Chad,2022,4.397,0.622,0.962,0.043,0.393,0.255,0.088,12396807590.172993
Cambodia,2022,4.393,1.025,1.024,0.283,0.768,0.176,0.051,29504829319.316875
Benin,2022,4.374,0.924,0.242,0.124,0.481,0.114,0.253,17425418044.290585
Myanmar,2022,4.372,1.032,1.125,0.269,0.46,0.4,0.194,62253049891.64494
Bangladesh,2022,4.282,1.133,0.513,0.355,0.617,0.139,0.165,460131688909.3012
Mali,2022,4.198,0.763,0.637,0.106,0.441,0.121,0.059,18780322203.7584
Togo,2022,4.137,0.77,0.642,0.161,0.367,0.149,0.136,8169476148.956921
Jordan,2022,4.12,1.292,0.98,0.438,0.517,0.056,0.173,48653381830.98592
Ethiopia,2022,4.091,0.793,1.114,0.25,0.451,0.283,0.101,126772703047.70145
Liberia,2022,4.042,0.628,0.644,0.141,0.471,0.219,0.071,4001047000.0
India,2022,4.036,1.159,0.674,0.252,0.685,0.175,0.111,3353470496885.948
Madagascar,2022,4.019,0.632,0.779,0.178,0.187,0.177,0.134,15302510500.052752
Zambia,2022,3.982,0.914,0.89,0.095,0.545,0.189,0.08,29163782140.485832
Tanzania,2022,3.694,0.836,0.787,0.214,0.607,0.234,0.269,75769974505.01057
Comoros,2022,3.545,0.914,0.327,0.215,0.117,0.129,0.145,1242519407.7760253
Malawi,2022,3.495,0.637,0.479,0.189,0.49,0.139,0.129,13129458325.73793
Botswana,2022,3.435,1.471,1.041,0.087,0.48,0.021,0.071,20321958850.03632
Zimbabwe,2022,3.204,0.758,0.881,0.069,0.363,0.112,0.117,27366627153.095413
Sierra Leone,2022,3.138,0.67,0.54,0.092,0.371,0.193,0.051,4094563859.435564
Lebanon,2022,2.392,1.417,0.476,0.398,0.123,0.061,0.027,20992421948.808086
Afghanistan,2022,1.859,0.645,0.0,0.087,0.0,0.093,0.059,14502158192.090397
Finland,2021,7.821,1.892,1.258,0.775,0.736,0.109,0.534,296470417085.26654
Denmark,2021,7.636,1.953,1.243,0.777,0.719,0.188,0.532,405687998852.6912
Iceland,2021,7.557,1.936,1.32,0.803,0.718,0.27,0.191,25797870984.2963
Switzerland,2021,7.512,2.026,1.226,0.822,0.677,0.147,0.461,813408787222.4987
Netherlands,2021,7.415,1.945,1.206,0.787,0.651,0.271,0.419,1029678338329.4408
Luxembourg,2021,7.404,2.209,1.155,0.79,0.7,0.12,0.388,85584105993.87459
Sweden,2021,7.384,1.92,1.204,0.803,0.724,0.218,0.512,639714956069.4681
Norway,2021,7.365,1.997,1.239,0.786,0.728,0.217,0.474,503367986030.26776
Israel,2021,7.364,1.826,1.221,0.818,0.568,0.155,0.143,488526545878.89136
New Zealand,2021,7.2,1.852,1.235,0.752,0.68,0.245,0.483,253644079784.97665
Austria,2021,7.163,1.931,1.165,0.774,0.623,0.193,0.329,479295362747.0466
Australia,2021,7.162,1.9,1.203,0.772,0.676,0.258,0.341,1559033756285.1294
Ireland,2021,7.041,2.129,1.166,0.779,0.627,0.19,0.408,513391778882.86
Germany,2021,7.034,1.924,1.088,0.776,0.585,0.163,0.358,4278503934689.8535
Canada,2021,7.025,1.886,1.188,0.783,0.659,0.217,0.368,2007472181464.152
United States,2021,6.977,1.982,1.182,0.628,0.574,0.22,0.177,23594031000000.0
United Kingdom,2021,6.943,1.867,1.143,0.75,0.597,0.289,0.329,3141506156618.7026
Czechia,2021,6.92,1.815,1.26,0.715,0.66,0.158,0.048,281791218507.0996
Belgium,2021,6.805,1.907,1.106,0.764,0.492,0.049,0.204,600904461226.3469
France,2021,6.687,1.863,1.219,0.808,0.567,0.07,0.266,2959355819170.495
Bahrain,2021,6.647,1.854,1.029,0.625,0.693,0.199,0.155,39288670212.76596
Slovenia,2021,6.63,1.81,1.249,0.769,0.685,0.118,0.115,61832201543.82846
Costa Rica,2021,6.582,1.584,1.054,0.744,0.661,0.089,0.102,64960725734.19655
United Arab Emirates,2021,6.576,1.998,0.98,0.633,0.702,0.204,0.25,415178792756.9776
Saudi Arabia,2021,6.523,1.87,1.092,0.577,0.651,0.078,0.18,874156000000.0
Singapore,2021,6.48,2.149,1.127,0.851,0.672,0.163,0.587,434111559282.8491
Romania,2021,6.477,1.719,1.006,0.655,0.605,0.039,0.006,285810244501.93335
Spain,2021,6.476,1.808,1.211,0.808,0.505,0.101,0.149,1445651653604.628
Uruguay,2021,6.474,1.615,1.18,0.672,0.665,0.103,0.265,60760798595.54362
Italy,2021,6.467,1.834,1.052,0.801,0.412,0.085,0.059,2154875493744.9265
Kosovo,2021,6.455,1.362,0.949,0.569,0.599,0.309,0.035,9413403724.018988
Malta,2021,6.447,1.838,1.169,0.789,0.679,0.174,0.166,18123718946.600567
Lithuania,2021,6.446,1.804,1.204,0.659,0.496,0.053,0.077,66798933785.77024
Estonia,2021,6.341,1.793,1.232,0.728,0.689,0.123,0.333,36864792511.63506
Panama,2021,6.309,1.715,1.107,0.709,0.592,0.049,0.051,67406738100.0
Brazil,2021,6.293,1.462,1.044,0.615,0.546,0.131,0.134,1670647399034.6658
Guatemala,2021,6.262,1.274,0.831,0.522,0.662,0.112,0.115,86053083476.02939
Kazakhstan,2021,6.234,1.668,1.22,0.611,0.584,0.134,0.157,197112255360.6124
Cyprus,2021,6.221,1.815,0.909,0.819,0.448,0.123,0.062,29482912835.364185
Latvia,2021,6.18,1.732,1.221,0.637,0.502,0.075,0.09,39443126174.43347
Serbia,2021,6.178,1.55,1.086,0.658,0.546,0.219,0.088,63101042897.70703
Chile,2021,6.172,1.651,1.08,0.748,0.46,0.124,0.069,315515014838.5395
Nicaragua,2021,6.165,1.105,1.029,0.617,0.617,0.168,0.212,14144067555.656649
Mexico,2021,6.128,1.552,0.886,0.623,0.621,0.092,0.115,1313069763986.597
Croatia,2021,6.125,1.705,1.183,0.709,0.535,0.109,0.0,69602166351.47713
Poland,2021,6.123,1.758,1.174,0.712,0.523,0.124,0.14,681346077608.6073
El Salvador,2021,6.12,1.265,0.768,0.607,0.666,0.089,0.212,29043140000.0
Kuwait,2021,6.106,1.904,0.983,0.747,0.617,0.087,0.147,141777271268.69412
Hungary,2021,6.086,1.748,1.233,0.668,0.485,0.078,0.064,182109999477.6908
Mauritius,2021,6.071,1.591,1.116,0.568,0.589,0.131,0.107,11484348766.043385
Uzbekistan,2021,6.063,1.219,1.092,0.6,0.716,0.283,0.24,69600614987.35088
Japan,2021,6.039,1.835,1.089,0.866,0.537,0.007,0.218,5034620784584.983
Honduras,2021,6.022,1.111,0.885,0.555,0.582,0.202,0.076,28144331506.614887
Portugal,2021,6.016,1.76,1.078,0.777,0.655,0.016,0.039,255534839405.899
Argentina,2021,5.967,1.592,1.102,0.662,0.555,0.081,0.085,487902572164.3484
Greece,2021,5.948,1.703,0.98,0.774,0.249,0.015,0.108,214667807441.202
Philippines,2021,5.904,1.268,0.912,0.514,0.678,0.107,0.142,394087359848.11
Thailand,2021,5.891,1.535,1.096,0.697,0.617,0.321,0.026,506256494297.33966
Jamaica,2021,5.85,1.296,1.045,0.646,0.567,0.08,0.053,14657586159.431623
Belarus,2021,5.821,1.562,1.157,0.629,0.342,0.04,0.282,69673747131.86996
Colombia,2021,5.781,1.452,0.929,0.72,0.545,0.087,0.077,318524633225.39514
Bosnia and Herzegovina,2021,5.768,1.468,1.068,0.665,0.448,0.244,0.006,23672712242.214893
Mongolia,2021,5.761,1.393,1.197,0.467,0.398,0.247,0.059,15286441737.668615
Dominican Republic,2021,5.737,1.538,1.003,0.577,0.606,0.084,0.179,94243425938.36469
Malaysia,2021,5.711,1.689,0.938,0.62,0.654,0.213,0.126,373832428055.4486
Bolivia,2021,5.6,1.256,0.88,0.555,0.627,0.112,0.064,40406111693.198265
China,2021,5.585,1.508,0.958,0.705,0.656,0.099,0.142,17820459508852.184
Paraguay,2021,5.578,1.409,1.13,0.624,0.629,0.171,0.059,39950899938.74815
Peru,2021,5.559,1.397,0.865,0.735,0.545,0.09,0.037,226354278280.88464
Montenegro,2021,5.547,1.573,1.023,0.659,0.46,0.135,0.077,5861427505.124932
Ecuador,2021,5.533,1.352,0.879,0.708,0.565,0.08,0.083,107435101000.0
Viet Nam,2021,5.485,1.252,0.932,0.611,0.707,0.143,0.105,366474752771.0093
Turkmenistan,2021,5.474,1.484,1.319,0.516,0.649,0.314,0.032,50007428571.42857
Russian Federation,2021,5.459,1.685,1.095,0.586,0.401,0.117,0.08,1843392293734.3777
Armenia,2021,5.399,1.434,0.82,0.668,0.558,0.054,0.21,13878908628.937807
Tajikistan,2021,5.377,0.966,1.005,0.518,0.572,0.118,0.304,8937805347.13963
Nepal,2021,5.377,0.984,0.784,0.499,0.519,0.237,0.13,36924841394.26049
Bulgaria,2021,5.371,1.625,1.163,0.64,0.563,0.123,0.021,84041493015.66185
Libya,2021,5.33,1.476,0.943,0.606,0.477,0.106,0.179,47786789103.81721
Indonesia,2021,5.24,1.382,0.883,0.539,0.62,0.468,0.047,1186509691086.7307
North Macedonia,2021,5.199,1.505,0.863,0.637,0.488,0.215,0.031,14000283827.01538
Albania,2021,5.199,1.439,0.646,0.719,0.511,0.138,0.028,17930565118.81762
South Africa,2021,5.194,1.425,1.088,0.361,0.442,0.089,0.046,420117812466.0407
Azerbaijan,2021,5.173,1.458,1.093,0.56,0.601,0.023,0.341,54825411764.70589
Bangladesh,2021,5.155,1.06,0.614,0.581,0.622,0.125,0.187,416271647002.4352
Lao PDR,2021,5.14,1.239,0.654,0.479,0.679,0.197,0.184,18827148530.934723
Algeria,2021,5.122,1.363,0.97,0.643,0.146,0.106,0.15,186265418570.69662
Liberia,2021,5.122,0.636,0.67,0.309,0.405,0.178,0.08,3513049520.0
Ukraine,2021,5.084,1.411,1.081,0.583,0.473,0.188,0.017,199765859570.9353
Morocco,2021,5.06,1.208,0.268,0.565,0.492,0.02,0.102,141817797083.46814
Mozambique,2021,5.048,0.578,0.66,0.191,0.593,0.185,0.2,16168055475.085009
Cameroon,2021,5.048,0.968,0.672,0.317,0.397,0.152,0.074,44993521774.06597
Senegal,2021,5.046,0.933,0.53,0.447,0.494,0.143,0.081,27520784129.750805
Niger,2021,5.003,0.57,0.56,0.326,0.571,0.165,0.145,14915002436.069023
Georgia,2021,4.973,1.467,0.612,0.595,0.508,0.0,0.208,18853115588.81058
Gabon,2021,4.958,1.459,0.738,0.396,0.343,0.032,0.099,20217946921.20645
Iraq,2021,4.941,1.289,0.682,0.554,0.328,0.147,0.046,209691945713.10345
Guinea,2021,4.891,0.848,0.566,0.275,0.334,0.214,0.116,16091817842.13176
Ghana,2021,4.872,1.112,0.595,0.409,0.5,0.23,0.056,79524421861.27426
Burkina Faso,2021,4.67,0.779,0.565,0.32,0.382,0.186,0.126,19643166853.66414
Cambodia,2021,4.64,1.019,0.732,0.505,0.74,0.166,0.068,26961061151.73373
Benin,2021,4.623,0.932,0.064,0.335,0.479,0.127,0.23,17687623530.335533
Comoros,2021,4.609,0.899,0.476,0.424,0.185,0.195,0.125,1296089479.9197786
Uganda,2021,4.603,0.777,0.875,0.418,0.402,0.222,0.066,40529788744.05949
Nigeria,2021,4.552,1.079,0.732,0.3,0.444,0.175,0.038,440838992188.478
Kenya,2021,4.543,1.032,0.605,0.401,0.44,0.322,0.082,109703658904.99371
Tunisia,2021,4.516,1.35,0.596,0.656,0.316,0.029,0.029,46812290143.34397
Pakistan,2021,4.516,1.049,0.413,0.374,0.448,0.181,0.112,348516647445.14844
Mali,2021,4.479,0.792,0.483,0.311,0.35,0.128,0.042,19309463508.03768
Namibia,2021,4.459,1.292,0.877,0.354,0.384,0.067,0.071,12402486183.639605
Eswatini,2021,4.396,1.274,0.786,0.197,0.259,0.038,0.154,4850842540.992672
Myanmar,2021,4.394,1.038,0.829,0.491,0.513,0.452,0.194,66345291160.16825
Sri Lanka,2021,4.362,1.415,0.934,0.66,0.529,0.15,0.079,88609332762.47295
Madagascar,2021,4.339,0.67,0.645,0.378,0.202,0.143,0.154,14554754116.542671
Chad,2021,4.251,0.662,0.506,0.225,0.18,0.182,0.077,11779981332.159998
Ethiopia,2021,4.241,0.788,0.809,0.457,0.472,0.205,0.136,111261882958.4261
Mauritania,2021,4.153,1.1,0.865,0.45,0.304,0.088,0.138,9222536364.012722
Jordan,2021,4.152,1.324,0.724,0.675,0.476,0.058,0.2,46296100140.84507
Togo,2021,4.112,0.771,0.322,0.36,0.292,0.174,0.132,8342243645.944384
India,2021,3.777,1.167,0.376,0.471,0.647,0.198,0.123,3167270623260.5225
Zambia,2021,3.76,0.93,0.577,0.306,0.525,0.203,0.083,22096416932.008896
Malawi,2021,3.75,0.648,0.279,0.388,0.477,0.14,0.157,12580922008.209608
Tanzania,2021,3.702,0.848,0.597,0.425,0.578,0.248,0.27,70655628147.89859
Sierra Leone,2021,3.574,0.686,0.416,0.273,0.387,0.202,0.055,4249234704.01866
Lesotho,2021,3.512,0.839,0.848,0.0,0.419,0.076,0.018,2406780518.528112
Botswana,2021,3.471,1.503,0.815,0.28,0.571,0.012,0.102,18750946600.142254
Rwanda,2021,3.268,0.785,0.133,0.462,0.621,0.187,0.544,11069280277.00701
Zimbabwe,2021,2.995,0.947,0.69,0.27,0.329,0.106,0.105,28371238665.511635
Lebanon,2021,2.955,1.392,0.498,0.631,0.103,0.082,0.034,23131941556.784348
Afghanistan,2021,2.404,0.758,0.0,0.289,0.0,0.089,0.005,14266499429.874573
Finland,2020,7.842,1.446,1.106,0.741,0.691,0.124,0.481,271886077382.102
Denmark,2020,7.62,1.502,1.108,0.763,0.686,0.208,0.485,354762748338.6615
Switzerland,2020,7.571,1.566,1.079,0.816,0.653,0.204,0.413,741999406005.6272
Iceland,2020,7.554,1.482,1.172,0.772,0.698,0.293,0.17,21629953194.065945
Netherlands,2020,7.464,1.501,1.079,0.753,0.647,0.302,0.384,909793466661.4812
Norway,2020,7.392,1.543,1.108,0.782,0.703,0.249,0.427,367633418886.62726
Sweden,2020,7.363,1.478,1.062,0.763,0.685,0.244,0.448,547054174235.8759
Luxembourg,2020,7.324,1.751,1.003,0.76,0.639,0.166,0.353,73699366700.21344
New Zealand,2020,7.277,1.4,1.094,0.785,0.665,0.276,0.445,212697530897.5604
Austria,2020,7.268,1.492,1.062,0.782,0.64,0.215,0.292,435049316955.73663
Australia,2020,7.183,1.453,1.076,0.801,0.647,0.291,0.317,1330381544909.3044
Israel,2020,7.157,1.376,1.074,0.788,0.509,0.208,0.119,413267669231.52216
Germany,2020,7.155,1.48,0.993,0.757,0.6,0.195,0.306,3887727161914.408
Canada,2020,7.103,1.447,1.044,0.798,0.648,0.246,0.335,1655684730000.1936
Ireland,2020,7.085,1.644,1.092,0.753,0.606,0.238,0.367,428608687830.2393
Costa Rica,2020,7.069,1.134,0.966,0.722,0.673,0.105,0.083,62395610760.39118
United Kingdom,2020,7.064,1.423,1.062,0.757,0.58,0.34,0.306,2697806592293.8604
Czechia,2020,6.965,1.37,1.09,0.703,0.58,0.052,0.046,245974558654.0429
United States,2020,6.951,1.533,1.03,0.621,0.554,0.252,0.154,21322950000000.0
Belgium,2020,6.834,1.463,0.998,0.747,0.489,0.088,0.187,526021513474.2427
France,2020,6.69,1.421,1.081,0.804,0.536,0.092,0.235,2647418691598.4507
Bahrain,2020,6.647,1.409,0.899,0.662,0.661,0.246,0.139,34621807712.76596
Malta,2020,6.602,1.411,1.055,0.747,0.664,0.275,0.183,15249999048.02971
United Arab Emirates,2020,6.561,1.555,0.86,0.594,0.67,0.236,0.223,349473015330.15656
Saudi Arabia,2020,6.494,1.435,0.964,0.571,0.603,0.09,0.163,734271200000.0
Spain,2020,6.491,1.375,1.057,0.826,0.462,0.135,0.124,1278128867875.49
Italy,2020,6.483,1.393,0.94,0.798,0.379,0.133,0.047,1897461635591.912
Slovenia,2020,6.461,1.36,1.093,0.722,0.69,0.122,0.085,53734526854.22894
Guatemala,2020,6.435,0.845,0.79,0.519,0.638,0.163,0.105,77715183063.2054
Uruguay,2020,6.431,1.164,1.042,0.649,0.625,0.128,0.223,53668636567.86667
Singapore,2020,6.377,1.695,1.019,0.897,0.664,0.176,0.547,349488382610.662
Kosovo,2020,6.372,0.937,0.807,0.483,0.593,0.356,0.014,7717145217.812473
Brazil,2020,6.33,1.028,0.944,0.571,0.514,0.142,0.117,1476107231194.106
Mexico,2020,6.317,1.126,0.83,0.634,0.585,0.092,0.089,1120832412468.8489
Jamaica,2020,6.309,0.891,0.932,0.599,0.618,0.099,0.035,13812421835.736937
Lithuania,2020,6.255,1.35,1.065,0.612,0.476,0.056,0.073,56964942999.365135
Cyprus,2020,6.223,1.377,0.765,0.801,0.464,0.178,0.061,25227189744.908283
Estonia,2020,6.189,1.344,1.079,0.64,0.641,0.119,0.263,31330419851.148724
Panama,2020,6.18,1.298,0.976,0.667,0.596,0.079,0.053,57086836900.0
Uzbekistan,2020,6.179,0.769,1.027,0.528,0.716,0.391,0.271,60224701296.78847
Chile,2020,6.172,1.2,0.946,0.678,0.438,0.159,0.07,254042159309.3105
Poland,2020,6.166,1.309,0.982,0.668,0.558,0.08,0.13,599442732365.372
Kazakhstan,2020,6.152,1.23,1.103,0.527,0.573,0.143,0.132,171082365861.4229
Romania,2020,6.14,1.275,0.832,0.595,0.564,0.045,0.001,251362514349.6972
Kuwait,2020,6.106,1.461,0.857,0.58,0.591,0.12,0.13,107512998447.02074
Serbia,2020,6.078,1.101,0.924,0.634,0.482,0.189,0.066,53356484591.43781
El Salvador,2020,6.061,0.845,0.675,0.565,0.615,0.116,0.16,24921190000.0
Mauritius,2020,6.049,1.178,0.996,0.574,0.59,0.153,0.096,11408106446.31438
Latvia,2020,6.032,1.285,1.047,0.587,0.405,0.082,0.089,34390910338.9604
Colombia,2020,6.012,1.021,0.866,0.615,0.554,0.1,0.063,270348342541.46512
Hungary,2020,5.992,1.301,1.083,0.615,0.454,0.067,0.04,157288955508.17633
Thailand,2020,5.985,1.107,0.957,0.596,0.611,0.375,0.028,500461898480.2456
Nicaragua,2020,5.972,0.693,0.904,0.604,0.553,0.201,0.176,12681548303.685562
Japan,2020,5.94,1.389,0.949,0.838,0.504,0.02,0.192,5055587093501.588
Argentina,2020,5.929,1.162,0.98,0.646,0.544,0.069,0.067,385740508436.9652
Portugal,2020,5.929,1.323,0.939,0.76,0.621,0.029,0.033,229031860520.77728
Honduras,2020,5.919,0.703,0.787,0.593,0.578,0.241,0.083,23352232483.75501
Croatia,2020,5.882,1.251,1.039,0.703,0.453,0.111,0.0,58221300897.88384
Philippines,2020,5.88,0.853,0.828,0.426,0.651,0.125,0.126,361751145451.5968
Peru,2020,5.84,0.986,0.833,0.623,0.536,0.087,0.031,201409694755.9344
Bosnia and Herzegovina,2020,5.813,1.032,0.919,0.618,0.395,0.261,0.005,20226036564.412888
Ecuador,2020,5.764,0.935,0.806,0.64,0.56,0.107,0.062,95865472000.0
Greece,2020,5.723,1.273,0.811,0.76,0.243,0.0,0.074,188480337285.6052
Bolivia,2020,5.716,0.842,0.782,0.486,0.6,0.138,0.064,36629843806.07815
Mongolia,2020,5.677,0.966,1.065,0.442,0.397,0.263,0.053,13312981429.08905
Paraguay,2020,5.653,0.983,0.97,0.549,0.602,0.206,0.037,35432178068.18139
Montenegro,2020,5.581,1.155,0.891,0.637,0.397,0.166,0.081,4769996866.007579
Dominican Republic,2020,5.545,1.106,0.879,0.555,0.581,0.101,0.144,78844656298.17764
Belarus,2020,5.534,1.124,1.007,0.56,0.326,0.07,0.199,61371755326.2351
Russian Federation,2020,5.477,1.241,0.992,0.511,0.409,0.115,0.06,1493075894362.1426
Tajikistan,2020,5.466,0.508,0.895,0.498,0.548,0.152,0.247,8133963550.657425
Viet Nam,2020,5.411,0.817,0.873,0.616,0.679,0.124,0.091,346615738537.7963
Libya,2020,5.41,1.044,0.821,0.435,0.474,0.131,0.174,65688454971.56625
Malaysia,2020,5.384,1.259,0.797,0.587,0.624,0.27,0.064,337456163961.2112
Indonesia,2020,5.345,0.954,0.786,0.433,0.598,0.541,0.046,1059054842698.482
China,2020,5.339,1.061,0.785,0.665,0.636,0.093,0.117,14687744162801.031
Armenia,2020,5.283,0.996,0.758,0.585,0.54,0.079,0.198,12641698583.21524
Nepal,2020,5.269,0.519,0.702,0.496,0.488,0.287,0.135,33433659301.24655
Bulgaria,2020,5.266,1.181,1.055,0.583,0.494,0.125,0.005,70368758395.14104
Maldives,2020,5.198,1.115,1.015,0.697,0.575,0.204,0.073,3712604583.366653
Azerbaijan,2020,5.171,1.025,0.841,0.541,0.526,0.043,0.276,42693000000.0
Cameroon,2020,5.142,0.543,0.556,0.159,0.425,0.205,0.058,40773241177.05051
Senegal,2020,5.132,0.518,0.558,0.357,0.381,0.158,0.088,24530513037.751846
Albania,2020,5.117,1.008,0.529,0.646,0.491,0.168,0.024,15162734205.246202
North Macedonia,2020,5.101,1.068,0.772,0.535,0.45,0.212,0.022,12361036913.840923
Ghana,2020,5.088,0.68,0.595,0.287,0.517,0.268,0.058,70043095503.6675
Niger,2020,5.074,0.162,0.402,0.167,0.516,0.2,0.157,13744653103.057987
Turkmenistan,2020,5.066,1.046,1.172,0.439,0.602,0.366,0.033,45818000000.0
Benin,2020,5.045,0.507,0.058,0.196,0.457,0.166,0.178,15686741883.93395
Lao PDR,2020,5.03,0.808,0.598,0.33,0.643,0.268,0.179,18981805250.2424
Bangladesh,2020,5.025,0.635,0.52,0.514,0.603,0.161,0.164,373979442653.34265
Guinea,2020,4.984,0.42,0.399,0.206,0.384,0.25,0.111,14177835841.392267
South Africa,2020,4.956,0.967,0.895,0.265,0.447,0.144,0.051,338291396026.6977
Pakistan,2020,4.934,0.637,0.423,0.322,0.418,0.252,0.097,300425609817.9812
Morocco,2020,4.918,0.792,0.219,0.558,0.477,0.034,0.088,121353645057.14368
Georgia,2020,4.891,1.03,0.47,0.498,0.488,0.032,0.181,16010869215.679968
Algeria,2020,4.887,0.946,0.765,0.552,0.119,0.144,0.12,164873415325.20148
Ukraine,2020,4.875,0.979,0.958,0.517,0.417,0.181,0.01,156617722013.3422
Iraq,2020,4.854,0.91,0.638,0.381,0.302,0.153,0.041,180898797936.27884
Gabon,2020,4.852,1.037,0.707,0.362,0.424,0.058,0.064,15314577167.821096
Burkina Faso,2020,4.834,0.364,0.472,0.179,0.381,0.182,0.122,17725010530.7894
Cambodia,2020,4.83,0.603,0.68,0.426,0.702,0.21,0.061,25872797891.766376
Mozambique,2020,4.794,0.183,0.634,0.196,0.608,0.228,0.163,14235420174.181255
Nigeria,2020,4.759,0.663,0.625,0.051,0.433,0.212,0.039,432198898467.79486
Mali,2020,4.723,0.387,0.59,0.11,0.384,0.164,0.072,17465392764.370636
Uganda,2020,4.636,0.364,0.718,0.24,0.398,0.267,0.054,37600368239.882416
Liberia,2020,4.625,0.228,0.58,0.253,0.43,0.221,0.057,3176126340.0
Kenya,2020,4.607,0.603,0.508,0.385,0.483,0.375,0.073,100657505750.545
Tunisia,2020,4.596,0.919,0.515,0.59,0.334,0.057,0.044,42491816475.71184
Lebanon,2020,4.584,1.045,0.868,0.595,0.175,0.14,0.026,31712128253.796097
Namibia,2020,4.574,0.882,0.801,0.262,0.411,0.091,0.059,10583748541.525812
Myanmar,2020,4.426,0.666,0.713,0.341,0.601,0.52,0.178,79006113643.19055
Jordan,2020,4.395,0.89,0.685,0.583,0.455,0.079,0.15,43700383098.59155
Chad,2020,4.355,0.255,0.353,0.0,0.24,0.215,0.084,10715396042.334282
Sri Lanka,2020,4.325,0.99,0.82,0.593,0.559,0.239,0.049,84304298770.53287
Comoros,2020,4.289,0.488,0.367,0.279,0.202,0.241,0.101,1225039196.6109135
Ethiopia,2020,4.275,0.37,0.679,0.331,0.451,0.241,0.114,107657734392.44585
Mauritania,2020,4.227,0.666,0.749,0.273,0.218,0.119,0.133,8260752385.230893
Madagascar,2020,4.208,0.266,0.503,0.341,0.207,0.185,0.087,13051441203.947355
Togo,2020,4.107,0.254,0.239,0.203,0.289,0.209,0.107,7400284167.784795
Zambia,2020,4.073,0.528,0.552,0.231,0.487,0.227,0.074,18137764931.28077
Sierra Leone,2020,3.849,0.279,0.377,0.1,0.408,0.243,0.047,4062906265.733205
India,2020,3.819,0.741,0.316,0.383,0.622,0.246,0.106,2674851578586.8647
Burundi,2020,3.775,0.0,0.062,0.155,0.298,0.172,0.212,2649680261.442985
Tanzania,2020,3.623,0.433,0.54,0.3,0.549,0.307,0.231,66068737786.06392
Haiti,2020,3.615,0.294,0.173,0.227,0.257,0.463,0.139,14508222518.301786
Malawi,2020,3.6,0.113,0.168,0.298,0.484,0.213,0.134,12041250083.882849
Lesotho,2020,3.512,0.451,0.731,0.007,0.405,0.103,0.015,2053338465.244617
Botswana,2020,3.467,1.099,0.724,0.34,0.539,0.027,0.088,14960291105.931597
Rwanda,2020,3.415,0.364,0.202,0.407,0.627,0.227,0.493,10174387614.255816
Zimbabwe,2020,3.145,0.457,0.649,0.243,0.359,0.157,0.075,21509698406.111595
Afghanistan,2020,2.523,0.37,0.0,0.126,0.0,0.122,0.01,19955929052.1496
Finland,2019,7.80870008468628,1.28518950939178,1.49952590465546,0.961271405220032,0.662316739559174,0.159670442342758,0.477857261896133,268514916972.54852
Denmark,2019,7.64559984207153,1.32694852352142,1.50344920158386,0.979332566261292,0.665039896965027,0.242793396115303,0.495260328054428,346498737961.6352
Switzerland,2019,7.55989980697632,1.39077425003052,1.47240340709686,1.04053318500519,0.628954470157623,0.269055753946304,0.407945901155472,721369112726.7239
Iceland,2019,7.50449991226196,1.3265016078949,1.547567486763,1.00084340572357,0.661980748176575,0.362330228090286,0.144540771842003,24681343649.29519
Norway,2019,7.48799991607666,1.42420732975006,1.49517250061035,1.00807189941406,0.670200884342194,0.28798508644104,0.434100568294525,408742840909.0909
Netherlands,2019,7.44890022277832,1.33894634246826,1.46364593505859,0.975675344467163,0.613626480102539,0.33631756901741,0.368569761514664,910194347568.626
Sweden,2019,7.35349988937378,1.32223522663116,1.43334770202637,0.986470460891724,0.650297701358795,0.27282789349556,0.442066371440887,533879529188.45374
New Zealand,2019,7.29960012435913,1.24231791496277,1.48721837997437,1.00813829898834,0.646789908409119,0.325726211071014,0.461268275976181,212846907683.439
Austria,2019,7.29419994354248,1.31728553771973,1.43744492530823,1.00093352794647,0.603368878364563,0.25550976395607,0.281256139278412,444596155845.2542
Luxembourg,2019,7.23750019073486,1.53667604923248,1.38752841949463,0.986442685127258,0.610137045383453,0.195953920483589,0.3670414686203,69890505323.5842
Canada,2019,7.23210000991821,1.30164766311646,1.43539190292358,1.02250194549561,0.644028127193451,0.281528919935226,0.351701855659485,1743725183672.5212
Australia,2019,7.22279977798462,1.31039643287659,1.47714626789093,1.02260768413544,0.621877193450928,0.324973613023758,0.33599641919136,1394671325960.568
United Kingdom,2019,7.16450023651123,1.2730610370636,1.45784497261047,0.975700080394745,0.525168657302856,0.373433440923691,0.322601646184921,2851407164907.808
Israel,2019,7.12860012054443,1.21646368503571,1.40325677394867,1.00805294513702,0.42069947719574,0.266861796379089,0.09989845007658,402470513619.148
Costa Rica,2019,7.12139987945557,0.981107711791992,1.37485361099243,0.939635336399078,0.645017743110657,0.131266310811043,0.0963620916008949,64417670521.18424
Ireland,2019,7.09369993209839,1.44688677787781,1.47059643268585,0.975670695304871,0.587779939174652,0.295426994562149,0.373433262109756,398933010007.3562
Germany,2019,7.0757999420166,1.31418454647064,1.36854374408722,0.97211480140686,0.56427413225174,0.252037703990936,0.309362292289734,3889177589254.896
United States,2019,6.93959999084473,1.37398684024811,1.40478670597076,0.831618010997772,0.534608244895935,0.298143059015274,0.152284741401672,21521395000000.0
Czechia,2019,6.9109001159668,1.21232235431671,1.40528666973114,0.89456444978714,0.505744576454163,0.0463259294629097,0.0498032234609127,252548179964.8966
Belgium,2019,6.86350011825562,1.29584276676178,1.39867758750916,0.964901149272919,0.499805420637131,0.146966159343719,0.208724051713943,535865804349.80304
United Arab Emirates,2019,6.79080009460449,1.43108642101288,1.25117099285126,0.787814438343048,0.652936100959778,0.280655980110168,0.220213517546654,417989721742.6821
Malta,2019,6.77279996871948,1.2525132894516,1.44295692443848,0.97204202413559,0.633239030838013,0.341180831193924,0.178864076733589,16004563885.7539
France,2019,6.66379976272583,1.26812934875488,1.45883917808533,1.02971422672272,0.514050900936127,0.112607702612877,0.227303236722946,2728870246705.878
Mexico,2019,6.46500015258789,1.02438747882843,1.22633349895477,0.831601023674011,0.553892552852631,0.083094485104084,0.0831336677074432,1305211135822.6147
Uruguay,2019,6.44010019302368,1.07100045681,1.42508113384247,0.856928884983063,0.594267070293427,0.132143691182137,0.193425074219704,62222387928.99324
Saudi Arabia,2019,6.4064998626709,1.33432853221893,1.30995011329651,0.759818136692047,0.548477470874786,0.0874406844377518,0.163322314620018,838564800000.0
Spain,2019,6.40089988708496,1.23053526878357,1.4210991859436,1.05134308338165,0.425983816385269,0.165305480360985,0.109579779207706,1394320055129.4094
Guatemala,2019,6.39890003204346,0.753815710544586,1.17426705360413,0.7059525847435,0.613146722316742,0.170611664652824,0.0983603000640869,77172317258.6478
Italy,2019,6.38740015029907,1.23639607429504,1.34729599952698,1.02250492572784,0.321305572986603,0.170266211032867,0.0401455983519554,2011302198827.448
Singapore,2019,6.37709999084473,1.51958012580872,1.39545691013336,1.13781428337097,0.635317206382751,0.218770906329155,0.533162236213684,376901649222.4508
Brazil,2019,6.37559986114502,0.952679872512817,1.36346411705017,0.766119062900543,0.483292728662491,0.131674587726593,0.106518603861332,1873288205186.4487
Slovenia,2019,6.36339998245239,1.20865249633789,1.46467769145966,0.932548046112061,0.646700143814087,0.145701497793198,0.0765163227915764,54386654313.96854
El Salvador,2019,6.34829998016357,0.748940408229828,1.14939761161804,0.752730011940002,0.524043917655945,0.11893630027771,0.11703035235405,26881140000.0
Kosovo,2019,6.32520008087158,0.840481340885162,1.18396282196045,0.672709167003632,0.557280421257019,0.325286865234375,0.0085590239614248,7899737577.472862
Panama,2019,6.30480003356934,1.09766781330109,1.37614929676056,0.878546535968781,0.579849779605865,0.0972073078155518,0.0542305260896683,69721787500.0
Uzbekistan,2019,6.25759983062744,0.696652948856354,1.43402004241943,0.716703712940216,0.693270325660706,0.363311022520065,0.280260264873505,60283503705.39067
Chile,2019,6.22849988937378,1.09699249267578,1.32328689098358,0.889260828495026,0.417482227087021,0.155579000711441,0.0628493502736092,278285058719.4661
Bahrain,2019,6.22730016708374,1.29669225215912,1.31532371044159,0.838836371898651,0.610399901866913,0.287453711032867,0.12669725716114,38653318085.106384
Lithuania,2019,6.21549987792969,1.19355964660645,1.43286573886871,0.795421183109283,0.420460790395737,0.0536910407245159,0.0813502743840218,54808531641.41168
Trinidad and Tobago,2019,6.19189977645874,1.16764152050018,1.40732622146606,0.658828556537628,0.552931129932404,0.199358254671097,0.0150783956050873,23775754304.665176
Poland,2019,6.1862998008728,1.16922914981842,1.31039977073669,0.868038475513458,0.557903528213501,0.0633742436766624,0.160541251301765,596058473058.7661
Colombia,2019,6.16340017318726,0.932203710079193,1.3344509601593,0.81002014875412,0.52689003944397,0.0923740938305855,0.0458483695983887,323031701192.84
Cyprus,2019,6.15899991989136,1.21279942989349,1.14917075634003,1.02612459659576,0.459385871887207,0.227932333946228,0.0512071438133717,25947020102.43321
Nicaragua,2019,6.13710021972656,0.620033144950867,1.27081274986267,0.803093254566193,0.560117304325104,0.212871477007866,0.174084573984146,12699046244.607012
Romania,2019,6.12370014190674,1.12040162086487,1.19443809986115,0.792294859886169,0.53485232591629,0.0681816190481186,0.00082956883125,251017797625.017
Kuwait,2019,6.10209989547729,1.42483365535736,1.24477982521057,0.776468932628632,0.570261418819427,0.13275109231472,0.1128149330616,138696321087.86374
Mauritius,2019,6.10129976272583,1.07366394996643,1.39566683769226,0.763389408588409,0.590838134288788,0.186894550919533,0.0840882286429405,14436346979.63554
Kazakhstan,2019,6.05789995193481,1.12259423732758,1.45326769351959,0.698788940906525,0.497432142496109,0.153713792562485,0.110463686287403,181667184854.5005
Estonia,2019,6.02180004119873,1.19244122505188,1.45323252677917,0.842615008354187,0.576664805412292,0.125136747956276,0.201766818761826,31290453293.545048
Philippines,2019,6.00600004196167,0.775120675563812,1.24538171291351,0.602189481258392,0.62191516160965,0.129260212182999,0.130385726690292,376823402244.9279
Hungary,2019,6.00040006637573,1.16430711746216,1.42300939559937,0.806793868541718,0.386401802301407,0.0704912394285202,0.0275481734424829,164020460331.65897
Thailand,2019,5.9987998008728,1.00702929496765,1.34751951694489,0.793855845928192,0.609449803829193,0.376709014177322,0.0318378619849682,543976691793.88586
Argentina,2019,5.97469997406006,1.02846562862396,1.37254369258881,0.849773705005646,0.520840346813202,0.0701004713773727,0.0604150593280792,447754683615.22455
Honduras,2019,5.95319986343384,0.598763585090637,1.18666410446167,0.791989982128143,0.568148076534271,0.256528198719025,0.0868071019649506,24882225741.811867
Latvia,2019,5.94999980926514,1.14139544963837,1.41439878940582,0.77790242433548,0.329198807477951,0.0754079446196556,0.0903915241360664,34225547537.07445
Ecuador,2019,5.92519998550415,0.853383600711823,1.22102761268616,0.838837742805481,0.555234551429749,0.115006476640701,0.0867533832788467,107595829000.0
Portugal,2019,5.9109001159668,1.16880083084106,1.33953034877777,0.979315280914307,0.589895188808441,0.0530369468033314,0.0277334656566381,239986922638.9016
Jamaica,2019,5.88980007171631,0.779058396816254,1.40828919410706,0.788434088230133,0.553124606609344,0.116268493235111,0.030147785320878,15830766531.147352
Japan,2019,5.87080001831055,1.26672410964966,1.33233869075775,1.07288134098053,0.495465874671936,0.0357117801904678,0.181439638137817,5117993853016.508
Peru,2019,5.79680013656616,0.918549180030823,1.2084059715271,0.824444174766541,0.51321005821228,0.0916118174791336,0.0270326603204012,228346006003.64825
Serbia,2019,5.77820014953613,0.988181829452515,1.32744896411896,0.828403294086456,0.395428419113159,0.150282889604568,0.0594471469521523,51514242938.67344
Bolivia,2019,5.74749994277954,0.730976343154907,1.14235055446625,0.662445664405823,0.574464499950409,0.138375073671341,0.0729426369071007,40895322850.94067
Pakistan,2019,5.69329977035522,0.616799473762512,0.872979581356049,0.469933241605759,0.405421733856201,0.228705063462257,0.122592121362686,320909472770.6687
Paraguay,2019,5.69210004806519,0.897990822792053,1.36819756031036,0.735869646072388,0.586510062217712,0.204299241304398,0.0650773793458939,37925338329.149445
Dominican Republic,2019,5.68919992446899,0.983191847801208,1.32888889312744,0.741901695728302,0.562873899936676,0.112196780741215,0.115945681929588,88941372558.23965
Bosnia and Herzegovina,2019,5.67409992218018,0.918395459651947,1.20398652553558,0.813928186893463,0.305365741252899,0.264005243778229,0.0011724870419129,20482608755.37896
Tajikistan,2019,5.55569982528687,0.47487461566925,1.21837770938873,0.680594801902771,0.521141171455383,0.182417124509811,0.22177991271019,8300813599.3084
Montenegro,2019,5.54610013961792,1.0101500749588,1.26565790176392,0.839028894901276,0.303223848342896,0.149010330438614,0.0984351113438606,5542054181.126162
Russian Federation,2019,5.5460000038147,1.12699961662292,1.37864410877228,0.680445909500122,0.399499595165253,0.0990419164299965,0.0456993617117405,1693115002708.3157
Belarus,2019,5.5398998260498,1.01885449886322,1.38713932037354,0.75258857011795,0.290755867958069,0.0899330601096153,0.193607434630394,64410122847.3508
Greece,2019,5.5149998664856,1.12807011604309,1.16897356510162,0.979431748390198,0.173516348004341,0.0,0.0488443523645401,205252760889.3644
Croatia,2019,5.50470018386841,1.10902428627014,1.31126487255096,0.900575578212738,0.381456881761551,0.113998979330063,0.0123250056058168,61867157679.32149
Libya,2019,5.48880004882813,1.02191376686096,1.19628369808197,0.615626633167267,0.451354056596756,0.142757698893547,0.172258079051971,72081962263.17938
Mongolia,2019,5.45620012283325,0.90487277507782,1.45893061161041,0.615788161754608,0.355703115463257,0.263885736465454,0.0465331263840199,14206359017.514322
Malaysia,2019,5.38430023193359,1.168421626091,1.17400228977203,0.788511872291565,0.596941530704498,0.274886161088943,0.062163133174181,365177721021.5161
Viet Nam,2019,5.35349988937378,0.718092381954193,1.25307476520538,0.819133996963501,0.650835573673248,0.136488720774651,0.0898484587669373,334365270496.66705
Indonesia,2019,5.28560018539429,0.891720712184906,1.15480089187622,0.610437035560608,0.568161427974701,0.542646527290344,0.0382786132395267,1119099871350.1992
Benin,2019,5.21600008010864,0.366244703531265,0.352428436279297,0.328062951564789,0.405839890241623,0.196670427918434,0.12593187391758,14390708751.02496
Maldives,2019,5.1975998878479,0.937864303588867,1.40228760242462,0.914439558982849,0.548203647136688,0.224198251962662,0.0719064921140671,5726094799.377091
Azerbaijan,2019,5.16480016708374,0.990272700786591,1.18061304092407,0.731134057044983,0.467734724283218,0.0401132144033909,0.247307181358337,48174235294.117645
North Macedonia,2019,5.15980005264282,0.935371994972229,1.18317353725433,0.802994132041931,0.410224586725235,0.18586353957653,0.0245950594544411,12606338448.546968
Ghana,2019,5.14799976348877,0.575862467288971,0.966367959976196,0.432162255048752,0.477290064096451,0.261291205883026,0.0565703809261322,68337969247.70674
Nepal,2019,5.13719987869263,0.444050371646881,1.10078930854797,0.668879389762878,0.480608254671097,0.300971806049347,0.127502962946892,34186180699.02548
China,2019,5.12389993667603,0.990533411502838,1.13208067417145,0.86724853515625,0.601605117321014,0.079021044075489,0.117255553603172,14279968506271.729
Turkmenistan,2019,5.11910009384155,1.0089635848999,1.51047694683075,0.612448036670685,0.515236675739288,0.323129326105118,0.0335038900375366,45232857142.85714
Bulgaria,2019,5.10150003433228,1.04655468463898,1.46057891845703,0.777776896953583,0.417820066213608,0.103833712637424,0.0,68881010245.54976
Morocco,2019,5.09479999542236,0.758622109889984,0.645208477973938,0.745096921920776,0.450054138898849,0.0400325506925583,0.0773856043815613,128920266409.4575
Cameroon,2019,5.08489990234375,0.50395804643631,0.899726450443268,0.270189553499222,0.439242482185364,0.198020100593567,0.0543934218585491,39667757527.65778
Algeria,2019,5.00509977340698,0.943856000900269,1.14300358295441,0.745418548583984,0.0839437991380692,0.118915013968945,0.129190653562546,193459662090.6768
Senegal,2019,4.98080015182495,0.504061818122864,0.954593420028687,0.518391907215118,0.352400898933411,0.16439713537693,0.0818659365177155,23403995992.13541
Guinea,2019,4.94929981231689,0.390007734298706,0.751365959644318,0.33365523815155,0.371878057718277,0.249490842223167,0.112204559147358,13442861496.412752
Niger,2019,4.90959978103638,0.108330331742764,0.703800141811371,0.298816353082657,0.435311615467072,0.208176895976067,0.13755476474762,12889555561.22991
Lao PDR,2019,4.88859987258911,0.71469384431839,0.987391889095306,0.486378282308578,0.612027287483215,0.272667109966278,0.194273963570595,18740561512.555496
Albania,2019,4.88269996643066,0.906653046607971,0.830483913421631,0.846329629421234,0.46194589138031,0.171027764678001,0.0253612846136093,15401826127.253857
Cambodia,2019,4.8484001159668,0.544634938240051,1.07142603397369,0.587904334068298,0.674940347671509,0.233342081308365,0.0728375017642975,27089390032.79797
Bangladesh,2019,4.83279991149902,0.556156277656555,0.868800580501556,0.694940507411957,0.604130566120148,0.176745116710663,0.176735907793045,351231655150.82745
Gabon,2019,4.82929992675781,0.988044381141663,1.10639750957489,0.522574841976166,0.369459897279739,0.0520136021077633,0.0558045394718647,16874405460.195469
South Africa,2019,4.81409978866577,0.902140438556671,1.25908625125885,0.407034069299698,0.434781819581985,0.126406848430634,0.0595021396875381,389330032224.2691
Iraq,2019,4.78480005264282,0.982018709182739,1.0114666223526,0.529350697994232,0.283588051795959,0.153002068400383,0.0731649920344353,233636097800.33844
Lebanon,2019,4.77150011062622,0.889232516288757,1.19249331951141,0.788671135902405,0.18551667034626,0.158524140715599,0.0215181466192007,51605959131.27413
Burkina Faso,2019,4.76870012283325,0.30246764421463,0.929385900497437,0.312833875417709,0.322398155927658,0.186390608549118,0.12640805542469,16032813501.663946
Mali,2019,4.72930002212524,0.352462649345398,0.973141729831696,0.234981521964073,0.377534449100494,0.169667050242424,0.0621462762355804,17280250810.032135
Nigeria,2019,4.72410011291504,0.64590185880661,0.986717939376831,0.167835935950279,0.435079455375671,0.221328124403954,0.047589935362339,474517490844.461
Armenia,2019,4.67679977416992,0.808262407779694,1.03457689285278,0.775857269763947,0.378075808286667,0.107225738465786,0.104618184268475,13619290539.211609
Georgia,2019,4.67259979248047,0.847198069095612,0.731193900108337,0.694657623767853,0.48549410700798,0.0476097352802753,0.174088075757027,17638337116.9126
Jordan,2019,4.63339996337891,0.785179197788239,1.14011859893799,0.777624726295471,0.424855083227158,0.0914947688579559,0.151878625154495,44502816901.408455
Mozambique,2019,4.62360000610352,0.178741365671158,0.955202877521515,0.324223637580872,0.560775339603424,0.220422104001045,0.163064315915108,15512758964.577944
Kenya,2019,4.58300018310547,0.476413398981094,0.905077755451202,0.536312758922577,0.519180536270142,0.393902093172073,0.0672010779380798,100378436207.37134
Namibia,2019,4.57110023498535,0.840081989765167,1.24573814868927,0.406871169805527,0.444598972797394,0.0764544829726219,0.0543203428387642,12541928102.765703
Ukraine,2019,4.56069993972778,0.780434608459473,1.3213164806366,0.698674380779266,0.319423705339432,0.178551316261292,0.0096511598676443,153883047509.57697
Liberia,2019,4.55789995193481,0.174103006720543,0.92073392868042,0.392284274101257,0.405943095684052,0.226967871189117,0.0511398762464523,3319596500.0
Uganda,2019,4.43200016021729,0.312337428331375,1.05232739448547,0.378311663866043,0.401682555675507,0.264807373285294,0.0638188421726227,35348155095.421455
Chad,2019,4.42269992828369,0.302287489175797,0.739118278026581,0.108744099736214,0.228601768612862,0.210805088281631,0.0857554078102112,11314951091.728329
Tunisia,2019,4.39219999313354,0.874742686748505,0.872167706489563,0.781156718730927,0.235860556364059,0.055881142616272,0.0438995733857155,41905540184.42405
Mauritania,2019,4.37459993362427,0.539684891700745,1.11332356929779,0.425184816122055,0.185714483261108,0.128899663686752,0.122257634997368,7894764885.823116
Sri Lanka,2019,4.3270001411438,0.897986948490143,1.19494009017944,0.792036712169647,0.528632462024689,0.252666145563126,0.0494445636868477,89014978344.1404
Myanmar,2019,4.30800008773804,0.678090929985046,1.09817826747894,0.495443075895309,0.597478866577148,0.56981372833252,0.187530353665352,75065106227.6892
Comoros,2019,4.28859996795654,0.415620774030685,0.723232805728912,0.437383323907852,0.181028231978416,0.258538275957108,0.100048534572124,1195019531.9010963
Togo,2019,4.18720006942749,0.268116265535355,0.547622859477997,0.342731177806854,0.303539037704468,0.200774252414703,0.114826455712318,6992700101.371879
Ethiopia,2019,4.18620014190674,0.315125644207001,1.00110328197479,0.483846247196198,0.412566870450974,0.227698102593422,0.117437034845352,95912607722.3032
Madagascar,2019,4.16559982299805,0.244553208351135,0.823694348335266,0.500617027282715,0.192967548966408,0.1911900639534,0.0762486383318901,14104664678.506332
Sierra Leone,2019,3.92639994621277,0.240560382604599,0.747984945774078,0.203953966498375,0.382027685642242,0.257647007703781,0.0479409359395504,4076578698.791073
Burundi,2019,3.77530002593994,0.0,0.403575271368027,0.295212835073471,0.275399059057236,0.187401786446571,0.212186828255653,2576518879.823531
Zambia,2019,3.75939989089966,0.536833763122559,0.89603728055954,0.363593339920044,0.491317540407181,0.250620901584625,0.0867052376270294,23308667781.22576
Haiti,2019,3.72079992294312,0.284734427928925,0.64667135477066,0.374366730451584,0.169297516345978,0.463909655809402,0.161935672163963,15016090929.512514
Lesotho,2019,3.6528000831604,0.454938739538193,1.08894002437592,0.100934810936451,0.40936753153801,0.102627642452717,0.0504838228225708,2390702295.827774
India,2019,3.57329988479614,0.730576157569885,0.644198656082153,0.540570139884949,0.581142246723175,0.237072482705116,0.105587981641293,2835606256558.844
Malawi,2019,3.53800010681152,0.176534727215767,0.530368089675903,0.446163296699524,0.487389832735062,0.213185057044029,0.131633952260017,11077305329.641691
Botswana,2019,3.47889995574951,0.997548997402191,1.08569478988647,0.494101732969284,0.509089410305023,0.033407486975193,0.101786367595196,16725908148.548136
Tanzania,2019,3.47620010375977,0.457163125276566,0.872674643993378,0.442677855491638,0.509343087673187,0.271540910005569,0.203880861401558,61026731925.92128
Central African Republic,2019,3.47589993476868,0.0410720817744732,0.0,0.0,0.292814463376999,0.253513216972351,0.0282647181302309,2221301351.439182
Rwanda,2019,3.31229996681213,0.343242675065994,0.52287632226944,0.572383284568787,0.604087889194489,0.235704988241196,0.485542476177216,10349299855.840408
Zimbabwe,2019,3.2992000579834,0.425564020872116,1.04783523082733,0.375037610530853,0.377404719591141,0.151349186897278,0.0809285789728165,21832234925.50214
Afghanistan,2019,2.56690001487732,0.300705850124359,0.356433838605881,0.266051530838013,0.0,0.135234713554382,0.0012257853522896,18799444490.11278
Finland,2018,7.769,1.304,1.14011859893799,0.5605,0.602,0.134,0.113,275708001767.84296
Denmark,2018,7.6,1.304,1.14011859893799,0.5605,0.602,0.134,0.113,356841216410.0677
Norway,2018,7.554,1.304,1.14011859893799,0.5605,0.602,0.134,0.113,439788625883.7996
Iceland,2018,7.494,1.304,1.14011859893799,0.5605,0.602,0.134,0.113,26260850582.06868
Netherlands,2018,7.488,1.304,1.14011859893799,0.5605,0.602,0.134,0.113,914043438179.6072
Switzerland,2018,7.48,1.304,1.14011859893799,0.5605,0.602,0.134,0.113,725568717468.0009
Sweden,2018,7.343,1.304,1.14011859893799,0.5605,0.602,0.134,0.113,555455371487.0894
New Zealand,2018,7.307,1.304,1.14011859893799,0.5605,0.602,0.134,0.113,211846555690.7363
Canada,2018,7.278,1.304,1.14011859893799,0.5605,0.602,0.134,0.113,1725329192783.024
Austria,2018,7.246,1.304,1.14011859893799,0.5605,0.602,0.134,0.113,454991174096.1016
Australia,2018,7.228,1.304,1.14011859893799,0.5605,0.602,0.134,0.113,1429733668185.9053
Costa Rica,2018,7.167,1.304,1.14011859893799,0.5605,0.602,0.134,0.113,62420164991.537445
Israel,2018,7.139,1.304,1.14011859893799,0.5605,0.602,0.134,0.113,376691526553.2764
Luxembourg,2018,7.09,1.304,1.14011859893799,0.5605,0.602,0.134,0.113,71000359760.46112
United Kingdom,2018,7.054,1.304,1.14011859893799,0.5605,0.602,0.134,0.113,2871340347581.7856
Ireland,2018,7.021,1.304,1.14011859893799,0.5605,0.602,0.134,0.113,386693357874.0562
Germany,2018,6.985,1.304,1.14011859893799,0.5605,0.602,0.134,0.113,3974443355019.605
Belgium,2018,6.923,1.304,1.14011859893799,0.5605,0.602,0.134,0.113,543299066998.9016
United States,2018,6.892,1.304,1.14011859893799,0.5605,0.602,0.134,0.113,20656516000000.0
Czechia,2018,6.852,1.304,1.14011859893799,0.5605,0.602,0.134,0.113,249000540729.17868
United Arab Emirates,2018,6.825,1.304,1.14011859893799,0.5605,0.602,0.134,0.113,427049432157.9306
Malta,2018,6.726,1.304,1.14011859893799,0.5605,0.602,0.134,0.113,15404393365.20732
Mexico,2018,6.595,1.304,1.14011859893799,0.5605,0.602,0.134,0.113,1256300182879.7263
France,2018,6.592,1.304,1.14011859893799,0.5605,0.602,0.134,0.113,2790956878746.665
Chile,2018,6.444,1.304,1.14011859893799,0.5605,0.602,0.134,0.113,295857562991.70905
Guatemala,2018,6.436,1.304,1.14011859893799,0.5605,0.602,0.134,0.113,73328365862.43286
Saudi Arabia,2018,6.375,1.304,1.14011859893799,0.5605,0.602,0.134,0.113,846583733333.3334
Qatar,2018,6.374,1.304,1.14011859893799,0.5605,0.602,0.134,0.113,183334953818.6813
Spain,2018,6.354,1.304,1.14011859893799,0.5605,0.602,0.134,0.113,1421702715218.038
Panama,2018,6.321,1.304,1.14011859893799,0.5605,0.602,0.134,0.113,67294169200.00001
Brazil,2018,6.3,1.304,1.14011859893799,0.5605,0.602,0.134,0.113,1916933898038.3567
Uruguay,2018,6.293,1.304,1.14011859893799,0.5605,0.602,0.134,0.113,65344408987.19647
Singapore,2018,6.262,1.304,1.14011859893799,0.5605,0.602,0.134,0.113,376892697588.00507
El Salvador,2018,6.253,1.304,1.14011859893799,0.5605,0.602,0.134,0.113,26020850000.0
Italy,2018,6.223,1.304,1.14011859893799,0.5605,0.602,0.134,0.113,2091932426266.979
Bahrain,2018,6.199,1.304,1.14011859893799,0.5605,0.602,0.134,0.113,37802005319.14893
Trinidad and Tobago,2018,6.192,1.304,1.14011859893799,0.5605,0.602,0.134,0.113,24569079488.391327
Poland,2018,6.182,1.304,1.14011859893799,0.5605,0.602,0.134,0.113,588779796423.6954
Uzbekistan,2018,6.174,1.304,1.14011859893799,0.5605,0.602,0.134,0.113,52870108214.67422
Lithuania,2018,6.149,1.304,1.14011859893799,0.5605,0.602,0.134,0.113,53751411409.44466
Colombia,2018,6.125,1.304,1.14011859893799,0.5605,0.602,0.134,0.113,334198218098.2756
Slovenia,2018,6.118,1.304,1.14011859893799,0.5605,0.602,0.134,0.113,54177882425.8431
Nicaragua,2018,6.105,1.304,1.14011859893799,0.5605,0.602,0.134,0.113,13025239912.27514
Kosovo,2018,6.1,1.304,1.14011859893799,0.5605,0.602,0.134,0.113,7878759714.823217
Argentina,2018,6.086,1.304,1.14011859893799,0.5605,0.602,0.134,0.113,524819892360.1758
Romania,2018,6.07,1.304,1.14011859893799,0.5605,0.602,0.134,0.113,243316029944.056
Cyprus,2018,6.046,1.304,1.14011859893799,0.5605,0.602,0.134,0.113,25597301190.92315
Ecuador,2018,6.028,1.304,1.14011859893799,0.5605,0.602,0.134,0.113,107478962000.0
Kuwait,2018,6.021,1.304,1.14011859893799,0.5605,0.602,0.134,0.113,138202535962.40082
Thailand,2018,6.008,1.304,1.14011859893799,0.5605,0.602,0.134,0.113,506754208404.4847
Latvia,2018,5.94,1.304,1.14011859893799,0.5605,0.602,0.134,0.113,34429023435.02115
Estonia,2018,5.893,1.304,1.14011859893799,0.5605,0.602,0.134,0.113,30624720196.229
Jamaica,2018,5.89,1.304,1.14011859893799,0.5605,0.602,0.134,0.113,15730792876.265558
Mauritius,2018,5.888,1.304,1.14011859893799,0.5605,0.602,0.134,0.113,14735695930.972702
Japan,2018,5.886,1.304,1.14011859893799,0.5605,0.602,0.134,0.113,5040880939324.859
Honduras,2018,5.86,1.304,1.14011859893799,0.5605,0.602,0.134,0.113,24067750760.49897
Kazakhstan,2018,5.809,1.304,1.14011859893799,0.5605,0.602,0.134,0.113,179339977690.48486
Bolivia,2018,5.779,1.304,1.14011859893799,0.5605,0.602,0.134,0.113,40287647930.53545
Hungary,2018,5.758,1.304,1.14011859893799,0.5605,0.602,0.134,0.113,160565642983.58676
Paraguay,2018,5.743,1.304,1.14011859893799,0.5605,0.602,0.134,0.113,40225448340.63216
Peru,2018,5.697,1.304,1.14011859893799,0.5605,0.602,0.134,0.113,222597009739.2353
Portugal,2018,5.693,1.304,1.14011859893799,0.5605,0.602,0.134,0.113,242313116577.9669
Pakistan,2018,5.653,1.304,1.14011859893799,0.5605,0.602,0.134,0.113,356128166704.921
Russian Federation,2018,5.648,1.304,1.14011859893799,0.5605,0.602,0.134,0.113,1657328773461.3062
Philippines,2018,5.631,1.304,1.14011859893799,0.5605,0.602,0.134,0.113,346841896583.5147
Serbia,2018,5.603,1.304,1.14011859893799,0.5605,0.602,0.134,0.113,50640662859.498726
Libya,2018,5.525,1.304,1.14011859893799,0.5605,0.602,0.134,0.113,76686029772.14833
Montenegro,2018,5.523,1.304,1.14011859893799,0.5605,0.602,0.134,0.113,5506942238.356679
Tajikistan,2018,5.467,1.304,1.14011859893799,0.5605,0.602,0.134,0.113,7764999999.453624
Croatia,2018,5.432,1.304,1.14011859893799,0.5605,0.602,0.134,0.113,61861145806.268745
Dominican Republic,2018,5.425,1.304,1.14011859893799,0.5605,0.602,0.134,0.113,85555390139.11797
Bosnia and Herzegovina,2018,5.386,1.304,1.14011859893799,0.5605,0.602,0.134,0.113,20484053868.92458
Malaysia,2018,5.339,1.304,1.14011859893799,0.5605,0.602,0.134,0.113,358788845712.5297
Belarus,2018,5.323,1.304,1.14011859893799,0.5605,0.602,0.134,0.113,60031173807.71964
Greece,2018,5.287,1.304,1.14011859893799,0.5605,0.602,0.134,0.113,212049447242.1112
Mongolia,2018,5.285,1.304,1.14011859893799,0.5605,0.602,0.134,0.113,13178094720.498564
North Macedonia,2018,5.274,1.304,1.14011859893799,0.5605,0.602,0.134,0.113,12683068114.23885
Nigeria,2018,5.265,1.304,1.14011859893799,0.5605,0.602,0.134,0.113,421739251509.0796
Turkmenistan,2018,5.247,1.304,1.14011859893799,0.5605,0.602,0.134,0.113,40765428571.42857
Algeria,2018,5.211,1.304,1.14011859893799,0.5605,0.602,0.134,0.113,194554483655.5277
Morocco,2018,5.208,1.304,1.14011859893799,0.5605,0.602,0.134,0.113,127341147581.81831
Azerbaijan,2018,5.208,1.304,1.14011859893799,0.5605,0.602,0.134,0.113,47112470051.77007
Lebanon,2018,5.197,1.304,1.14011859893799,0.5605,0.602,0.134,0.113,54901519155.55556
Indonesia,2018,5.192,1.304,1.14011859893799,0.5605,0.602,0.134,0.113,1042271532988.6316
China,2018,5.191,1.304,1.14011859893799,0.5605,0.602,0.134,0.113,13894907857880.576
Viet Nam,2018,5.175,1.304,1.14011859893799,0.5605,0.602,0.134,0.113,310106478394.6589
Bhutan,2018,5.082,1.304,1.14011859893799,0.5605,0.602,0.134,0.113,2583335723.321254
Cameroon,2018,5.044,1.304,1.14011859893799,0.5605,0.602,0.134,0.113,39955552189.79499
Bulgaria,2018,5.011,1.304,1.14011859893799,0.5605,0.602,0.134,0.113,66370132238.3914
Ghana,2018,4.996,1.304,1.14011859893799,0.5605,0.602,0.134,0.113,67298914624.37232
Nepal,2018,4.913,1.304,1.14011859893799,0.5605,0.602,0.134,0.113,33111525237.14897
Jordan,2018,4.906,1.304,1.14011859893799,0.5605,0.602,0.134,0.113,43370860704.22536
Benin,2018,4.883,1.304,1.14011859893799,0.5605,0.602,0.134,0.113,14262408089.926104
Gabon,2018,4.799,1.304,1.14011859893799,0.5605,0.602,0.134,0.113,16867326389.870382
Lao PDR,2018,4.796,1.304,1.14011859893799,0.5605,0.602,0.134,0.113,18141641089.79633
South Africa,2018,4.722,1.304,1.14011859893799,0.5605,0.602,0.134,0.113,405260723892.5169
Albania,2018,4.719,1.304,1.14011859893799,0.5605,0.602,0.134,0.113,15156424015.197748
Cambodia,2018,4.7,1.304,1.14011859893799,0.5605,0.602,0.134,0.113,24571753583.393467
Senegal,2018,4.681,1.304,1.14011859893799,0.5605,0.602,0.134,0.113,23116701556.138107
Somalia,2018,4.668,1.304,1.14011859893799,0.5605,0.602,0.134,0.113,8278212314.40466
Namibia,2018,4.639,1.304,1.14011859893799,0.5605,0.602,0.134,0.113,13682018827.04337
Niger,2018,4.628,1.304,1.14011859893799,0.5605,0.602,0.134,0.113,12837307496.882084
Burkina Faso,2018,4.587,1.304,1.14011859893799,0.5605,0.602,0.134,0.113,15890066221.288244
Armenia,2018,4.559,1.304,1.14011859893799,0.5605,0.602,0.134,0.113,12457940694.73953
Guinea,2018,4.534,1.304,1.14011859893799,0.5605,0.602,0.134,0.113,11857030367.24408
Georgia,2018,4.519,1.304,1.14011859893799,0.5605,0.602,0.134,0.113,17902544880.64707
Sri Lanka,2018,4.366,1.304,1.14011859893799,0.5605,0.602,0.134,0.113,94493871200.78688
Kenya,2018,4.509,1.304,1.14011859893799,0.5605,0.602,0.134,0.113,92202979985.2863
Mauritania,2018,4.49,1.304,1.14011859893799,0.5605,0.602,0.134,0.113,7473550557.073785
Mozambique,2018,4.466,1.304,1.14011859893799,0.5605,0.602,0.134,0.113,15017359042.446371
Tunisia,2018,4.461,1.304,1.14011859893799,0.5605,0.602,0.134,0.113,42686580020.83218
Bangladesh,2018,4.456,1.304,1.14011859893799,0.5605,0.602,0.134,0.113,321362751137.57434
Iraq,2018,4.437,1.304,1.14011859893799,0.5605,0.602,0.134,0.113,227367469034.03085
Mali,2018,4.39,1.304,1.14011859893799,0.5605,0.602,0.134,0.113,17070867589.905487
Sierra Leone,2018,4.374,1.304,1.14011859893799,0.5605,0.602,0.134,0.113,4085114387.556054
Myanmar,2018,4.36,1.304,1.14011859893799,0.5605,0.602,0.134,0.113,67860515989.51704
Chad,2018,4.35,1.304,1.14011859893799,0.5605,0.602,0.134,0.113,11239167898.339537
Ukraine,2018,4.332,1.304,1.14011859893799,0.5605,0.602,0.134,0.113,130891088293.55
Ethiopia,2018,4.286,1.304,1.14011859893799,0.5605,0.602,0.134,0.113,84269196625.8784
Uganda,2018,4.189,1.304,1.14011859893799,0.5605,0.602,0.134,0.113,32927025619.679543
Zambia,2018,4.107,1.304,1.14011859893799,0.5605,0.602,0.134,0.113,26311507273.67354
Togo,2018,4.085,1.304,1.14011859893799,0.5605,0.602,0.134,0.113,7029300383.080308
India,2018,4.015,1.304,1.14011859893799,0.5605,0.602,0.134,0.113,2702929641648.14
Liberia,2018,3.975,1.304,1.14011859893799,0.5605,0.602,0.134,0.113,3422754800.0
Comoros,2018,3.973,1.304,1.14011859893799,0.5605,0.602,0.134,0.113,1188797449.3858447
Madagascar,2018,3.933,1.304,1.14011859893799,0.5605,0.602,0.134,0.113,13760033282.292513
Lesotho,2018,3.802,1.304,1.14011859893799,0.5605,0.602,0.134,0.113,2556247291.9978547
Burundi,2018,3.775,1.304,1.14011859893799,0.5605,0.602,0.134,0.113,2667182199.51333
Zimbabwe,2018,3.663,1.304,1.14011859893799,0.5605,0.602,0.134,0.113,34156069918.06094
Haiti,2018,3.597,1.304,1.14011859893799,0.5605,0.602,0.134,0.113,16403864617.84576
Botswana,2018,3.488,1.304,1.14011859893799,0.5605,0.602,0.134,0.113,17031943186.13526
Malawi,2018,3.41,1.304,1.14011859893799,0.5605,0.602,0.134,0.113,9880675785.93057
Rwanda,2018,3.334,1.304,1.14011859893799,0.5605,0.602,0.134,0.113,9637904552.51428
Tanzania,2018,3.231,1.304,1.14011859893799,0.5605,0.602,0.134,0.113,57003712892.08581
Afghanistan,2018,3.203,1.304,1.14011859893799,0.5605,0.602,0.134,0.113,18053222687.412624
Central African Republic,2018,3.083,1.304,1.14011859893799,0.5605,0.602,0.134,0.113,2220979146.1124053
Finland,2017,7.632,1.304,1.14011859893799,0.5605,0.602,0.134,0.113,255647979916.47104
Norway,2017,7.594,1.304,1.14011859893799,0.5605,0.602,0.134,0.113,401745275035.2608
Denmark,2017,7.555,1.304,1.14011859893799,0.5605,0.602,0.134,0.113,332121063806.39056
Iceland,2017,7.495,1.304,1.14011859893799,0.5605,0.602,0.134,0.113,24728285177.46032
Switzerland,2017,7.487,1.304,1.14011859893799,0.5605,0.602,0.134,0.113,695200833086.4989
Netherlands,2017,7.441,1.304,1.14011859893799,0.5605,0.602,0.134,0.113,833869641687.0603
Canada,2017,7.328,1.304,1.14011859893799,0.5605,0.602,0.134,0.113,1649265644244.095
New Zealand,2017,7.324,1.304,1.14011859893799,0.5605,0.602,0.134,0.113,206566916732.2921
Sweden,2017,7.314,1.304,1.14011859893799,0.5605,0.602,0.134,0.113,541018749769.0971
Australia,2017,7.272,1.304,1.14011859893799,0.5605,0.602,0.134,0.113,1326882104817.0027
Israel,2017,7.19,1.304,1.14011859893799,0.5605,0.602,0.134,0.113,358245427458.5409
Austria,2017,7.139,1.304,1.14011859893799,0.5605,0.602,0.134,0.113,417261151844.9772
Costa Rica,2017,7.072,1.304,1.14011859893799,0.5605,0.602,0.134,0.113,60516044657.22544
Ireland,2017,6.977,1.304,1.14011859893799,0.5605,0.602,0.134,0.113,337241811320.8959
Germany,2017,6.965,1.304,1.14011859893799,0.5605,0.602,0.134,0.113,3690849152517.653
Belgium,2017,6.927,1.304,1.14011859893799,0.5605,0.602,0.134,0.113,502764720556.3538
Luxembourg,2017,6.91,1.304,1.14011859893799,0.5605,0.602,0.134,0.113,65712180342.98364
United States,2017,6.886,1.304,1.14011859893799,0.5605,0.602,0.134,0.113,19612102000000.0
United Kingdom,2017,6.814,1.304,1.14011859893799,0.5605,0.602,0.134,0.113,2680148052335.299
United Arab Emirates,2017,6.774,1.304,1.14011859893799,0.5605,0.602,0.134,0.113,390516804029.95233
Czechia,2017,6.711,1.304,1.14011859893799,0.5605,0.602,0.134,0.113,218628940951.67508
Malta,2017,6.627,1.304,1.14011859893799,0.5605,0.602,0.134,0.113,13484541925.771402
France,2017,6.489,1.304,1.14011859893799,0.5605,0.602,0.134,0.113,2595151045197.6514
Mexico,2017,6.488,1.304,1.14011859893799,0.5605,0.602,0.134,0.113,1190721475906.0
Chile,2017,6.476,1.304,1.14011859893799,0.5605,0.602,0.134,0.113,276154259987.10345
Panama,2017,6.43,1.304,1.14011859893799,0.5605,0.602,0.134,0.113,62202700000.0
Brazil,2017,6.419,1.304,1.14011859893799,0.5605,0.602,0.134,0.113,2063514977334.3208
Argentina,2017,6.388,1.304,1.14011859893799,0.5605,0.602,0.134,0.113,643628393281.364
Guatemala,2017,6.382,1.304,1.14011859893799,0.5605,0.602,0.134,0.113,71653754066.27628
Uruguay,2017,6.379,1.304,1.14011859893799,0.5605,0.602,0.134,0.113,65006047680.322495
Qatar,2017,6.374,1.304,1.14011859893799,0.5605,0.602,0.134,0.113,161099122225.27472
Saudi Arabia,2017,6.371,1.304,1.14011859893799,0.5605,0.602,0.134,0.113,714994666666.6666
Singapore,2017,6.343,1.304,1.14011859893799,0.5605,0.602,0.134,0.113,343257164581.71155
Malaysia,2017,6.322,1.304,1.14011859893799,0.5605,0.602,0.134,0.113,319109094160.3431
Spain,2017,6.31,1.304,1.14011859893799,0.5605,0.602,0.134,0.113,1313245330197.6494
Colombia,2017,6.26,1.304,1.14011859893799,0.5605,0.602,0.134,0.113,311866875156.87885
Trinidad and Tobago,2017,6.192,1.304,1.14011859893799,0.5605,0.602,0.134,0.113,24040299977.87448
El Salvador,2017,6.167,1.304,1.14011859893799,0.5605,0.602,0.134,0.113,24979190000.0
Nicaragua,2017,6.141,1.304,1.14011859893799,0.5605,0.602,0.134,0.113,13785943183.066065
Poland,2017,6.123,1.304,1.14011859893799,0.5605,0.602,0.134,0.113,524641252834.8256
Bahrain,2017,6.105,1.304,1.14011859893799,0.5605,0.602,0.134,0.113,35423643617.02128
Uzbekistan,2017,6.096,1.304,1.14011859893799,0.5605,0.602,0.134,0.113,62081322740.01623
Kuwait,2017,6.083,1.304,1.14011859893799,0.5605,0.602,0.134,0.113,120687539675.51738
Thailand,2017,6.072,1.304,1.14011859893799,0.5605,0.602,0.134,0.113,456356813536.7637
Italy,2017,6.0,1.304,1.14011859893799,0.5605,0.602,0.134,0.113,1961796197354.3564
Ecuador,2017,5.973,1.304,1.14011859893799,0.5605,0.602,0.134,0.113,104467486000.0
Belize,2017,5.956,1.304,1.14011859893799,0.5605,0.602,0.134,0.113,2266664817.08822
Lithuania,2017,5.952,1.304,1.14011859893799,0.5605,0.602,0.134,0.113,47758736931.78008
Slovenia,2017,5.948,1.304,1.14011859893799,0.5605,0.602,0.134,0.113,48589100043.095375
Romania,2017,5.945,1.304,1.14011859893799,0.5605,0.602,0.134,0.113,210147163769.8483
Latvia,2017,5.933,1.304,1.14011859893799,0.5605,0.602,0.134,0.113,30483806017.831818
Japan,2017,5.915,1.304,1.14011859893799,0.5605,0.602,0.134,0.113,4930837369151.422
Mauritius,2017,5.891,1.304,1.14011859893799,0.5605,0.602,0.134,0.113,13713506130.608124
Jamaica,2017,5.89,1.304,1.14011859893799,0.5605,0.602,0.134,0.113,14808985132.772173
Russian Federation,2017,5.81,1.304,1.14011859893799,0.5605,0.602,0.134,0.113,1574199360089.0022
Kazakhstan,2017,5.79,1.304,1.14011859893799,0.5605,0.602,0.134,0.113,166805788827.23325
Cyprus,2017,5.762,1.304,1.14011859893799,0.5605,0.602,0.134,0.113,22946583374.75689
Bolivia,2017,5.752,1.304,1.14011859893799,0.5605,0.602,0.134,0.113,37508642170.767006
Estonia,2017,5.739,1.304,1.14011859893799,0.5605,0.602,0.134,0.113,26924385103.06593
Paraguay,2017,5.681,1.304,1.14011859893799,0.5605,0.602,0.134,0.113,38997129473.55579
Peru,2017,5.663,1.304,1.14011859893799,0.5605,0.602,0.134,0.113,211007984080.91052
Kosovo,2017,5.662,1.304,1.14011859893799,0.5605,0.602,0.134,0.113,7180764703.357184
Turkmenistan,2017,5.636,1.304,1.14011859893799,0.5605,0.602,0.134,0.113,37926285714.28571
Hungary,2017,5.62,1.304,1.14011859893799,0.5605,0.602,0.134,0.113,143112196040.32568
Libya,2017,5.566,1.304,1.14011859893799,0.5605,0.602,0.134,0.113,67157452181.77383
Philippines,2017,5.524,1.304,1.14011859893799,0.5605,0.602,0.134,0.113,328480736798.7918
Honduras,2017,5.504,1.304,1.14011859893799,0.5605,0.602,0.134,0.113,23136247990.597725
Belarus,2017,5.483,1.304,1.14011859893799,0.5605,0.602,0.134,0.113,54725302249.808784
Pakistan,2017,5.472,1.304,1.14011859893799,0.5605,0.602,0.134,0.113,339205534861.1001
Portugal,2017,5.41,1.304,1.14011859893799,0.5605,0.602,0.134,0.113,221357874718.92972
Serbia,2017,5.398,1.304,1.14011859893799,0.5605,0.602,0.134,0.113,44179075778.92674
Greece,2017,5.358,1.304,1.14011859893799,0.5605,0.602,0.134,0.113,199844406013.5309
Tajikistan,2017,5.352,1.304,1.14011859893799,0.5605,0.602,0.134,0.113,7536402852.858016
Montenegro,2017,5.347,1.304,1.14011859893799,0.5605,0.602,0.134,0.113,4856599480.79882
Croatia,2017,5.321,1.304,1.14011859893799,0.5605,0.602,0.134,0.113,56322449844.15793
Dominican Republic,2017,5.302,1.304,1.14011859893799,0.5605,0.602,0.134,0.113,79998046305.79002
Algeria,2017,5.295,1.304,1.14011859893799,0.5605,0.602,0.134,0.113,189880896903.0733
Morocco,2017,5.254,1.304,1.14011859893799,0.5605,0.602,0.134,0.113,118540573367.84428
China,2017,5.246,1.304,1.14011859893799,0.5605,0.602,0.134,0.113,12310491333980.889
Azerbaijan,2017,5.201,1.304,1.14011859893799,0.5605,0.602,0.134,0.113,40866627351.98167
Lebanon,2017,5.199,1.304,1.14011859893799,0.5605,0.602,0.134,0.113,53027680685.90382
North Macedonia,2017,5.185,1.304,1.14011859893799,0.5605,0.602,0.134,0.113,11307067069.66582
Jordan,2017,5.161,1.304,1.14011859893799,0.5605,0.602,0.134,0.113,41608435915.49296
Nigeria,2017,5.155,1.304,1.14011859893799,0.5605,0.602,0.134,0.113,375745731053.4268
Bosnia and Herzegovina,2017,5.129,1.304,1.14011859893799,0.5605,0.602,0.134,0.113,18326373366.110527
Mongolia,2017,5.125,1.304,1.14011859893799,0.5605,0.602,0.134,0.113,11480847740.73598
Viet Nam,2017,5.103,1.304,1.14011859893799,0.5605,0.602,0.134,0.113,281353605986.90344
Indonesia,2017,5.093,1.304,1.14011859893799,0.5605,0.602,0.134,0.113,1015618744159.734
Bhutan,2017,5.082,1.304,1.14011859893799,0.5605,0.602,0.134,0.113,2591358115.158436
Somalia,2017,4.982,1.304,1.14011859893799,0.5605,0.602,0.134,0.113,8252394373.296979
Cameroon,2017,4.975,1.304,1.14011859893799,0.5605,0.602,0.134,0.113,36098547058.785095
Bulgaria,2017,4.933,1.304,1.14011859893799,0.5605,0.602,0.134,0.113,59309748166.11794
Nepal,2017,4.88,1.304,1.14011859893799,0.5605,0.602,0.134,0.113,28971588940.363995
Gabon,2017,4.758,1.304,1.14011859893799,0.5605,0.602,0.134,0.113,14929487485.162275
South Africa,2017,4.724,1.304,1.14011859893799,0.5605,0.602,0.134,0.113,381448814653.4564
Ghana,2017,4.657,1.304,1.14011859893799,0.5605,0.602,0.134,0.113,60405924078.72783
Senegal,2017,4.631,1.304,1.14011859893799,0.5605,0.602,0.134,0.113,20996562943.59792
Lao PDR,2017,4.623,1.304,1.14011859893799,0.5605,0.602,0.134,0.113,17071155481.49936
Tunisia,2017,4.592,1.304,1.14011859893799,0.5605,0.602,0.134,0.113,42163530590.9462
Albania,2017,4.586,1.304,1.14011859893799,0.5605,0.602,0.134,0.113,13019726211.736889
Sierra Leone,2017,4.571,1.304,1.14011859893799,0.5605,0.602,0.134,0.113,3719443418.261553
Bangladesh,2017,4.5,1.304,1.14011859893799,0.5605,0.602,0.134,0.113,293732447017.3276
Sri Lanka,2017,4.471,1.304,1.14011859893799,0.5605,0.602,0.134,0.113,94376237797.23674
Iraq,2017,4.456,1.304,1.14011859893799,0.5605,0.602,0.134,0.113,187217660050.6757
Mali,2017,4.447,1.304,1.14011859893799,0.5605,0.602,0.134,0.113,15365713048.199305
Namibia,2017,4.441,1.304,1.14011859893799,0.5605,0.602,0.134,0.113,12895153160.46599
Cambodia,2017,4.433,1.304,1.14011859893799,0.5605,0.602,0.134,0.113,22177200588.182632
Burkina Faso,2017,4.424,1.304,1.14011859893799,0.5605,0.602,0.134,0.113,14106955615.344175
Mozambique,2017,4.417,1.304,1.14011859893799,0.5605,0.602,0.134,0.113,13264640645.77679
Kenya,2017,4.41,1.304,1.14011859893799,0.5605,0.602,0.134,0.113,82036510877.25989
Zambia,2017,4.377,1.304,1.14011859893799,0.5605,0.602,0.134,0.113,25873601260.835304
Mauritania,2017,4.356,1.304,1.14011859893799,0.5605,0.602,0.134,0.113,6800135898.288272
Ethiopia,2017,4.35,1.304,1.14011859893799,0.5605,0.602,0.134,0.113,81770886825.60477
Georgia,2017,4.34,1.304,1.14011859893799,0.5605,0.602,0.134,0.113,16473125375.068438
Armenia,2017,4.321,1.304,1.14011859893799,0.5605,0.602,0.134,0.113,11527458709.015797
Myanmar,2017,4.308,1.304,1.14011859893799,0.5605,0.602,0.134,0.113,66053040483.001625
Chad,2017,4.301,1.304,1.14011859893799,0.5605,0.602,0.134,0.113,10000394381.017702
India,2017,4.19,1.304,1.14011859893799,0.5605,0.602,0.134,0.113,2651474262755.592
Niger,2017,4.166,1.304,1.14011859893799,0.5605,0.602,0.134,0.113,11185104251.69431
Uganda,2017,4.161,1.304,1.14011859893799,0.5605,0.602,0.134,0.113,30744473841.42399
Benin,2017,4.141,1.304,1.14011859893799,0.5605,0.602,0.134,0.113,12701655836.9467
Sudan,2017,4.139,1.304,1.14011859893799,0.5605,0.602,0.134,0.113,41283617976.19048
Ukraine,2017,4.103,1.304,1.14011859893799,0.5605,0.602,0.134,0.113,112090505081.73862
Togo,2017,3.999,1.304,1.14011859893799,0.5605,0.602,0.134,0.113,6387422517.692251
Guinea,2017,3.964,1.304,1.14011859893799,0.5605,0.602,0.134,0.113,10324668271.10322
Lesotho,2017,3.808,1.304,1.14011859893799,0.5605,0.602,0.134,0.113,2306741674.0550013
Angola,2017,3.795,1.304,1.14011859893799,0.5605,0.602,0.134,0.113,73690154990.73123
Madagascar,2017,3.774,1.304,1.14011859893799,0.5605,0.602,0.134,0.113,13176313593.550934
Zimbabwe,2017,3.692,1.304,1.14011859893799,0.5605,0.602,0.134,0.113,17584890936.652306
Afghanistan,2017,3.632,1.304,1.14011859893799,0.5605,0.602,0.134,0.113,18753456497.815865
Botswana,2017,3.59,1.304,1.14011859893799,0.5605,0.602,0.134,0.113,16105155856.770824
Malawi,2017,3.587,1.304,1.14011859893799,0.5605,0.602,0.134,0.113,8943543677.188993
Haiti,2017,3.582,1.304,1.14011859893799,0.5605,0.602,0.134,0.113,15093357161.149849
Liberia,2017,3.495,1.304,1.14011859893799,0.5605,0.602,0.134,0.113,3390703400.0
Rwanda,2017,3.408,1.304,1.14011859893799,0.5605,0.602,0.134,0.113,9252834120.39358
Tanzania,2017,3.303,1.304,1.14011859893799,0.5605,0.602,0.134,0.113,53274884532.78861
Central African Republic,2017,3.083,1.304,1.14011859893799,0.5605,0.602,0.134,0.113,2072349972.681796
Burundi,2017,2.905,1.304,1.14011859893799,0.5605,0.602,0.134,0.113,2723586962.8403373
Norway,2016,7.537,1.304,1.14011859893799,0.5605,0.602,0.134,0.113,370956547619.0476
Denmark,2016,7.522,1.304,1.14011859893799,0.5605,0.602,0.134,0.113,313115929314.33856
Iceland,2016,7.504,1.304,1.14011859893799,0.5605,0.602,0.134,0.113,20793168030.952427
Switzerland,2016,7.494,1.304,1.14011859893799,0.5605,0.602,0.134,0.113,687895460902.7133
Finland,2016,7.469,1.304,1.14011859893799,0.5605,0.602,0.134,0.113,240771351298.83328
Netherlands,2016,7.377,1.304,1.14011859893799,0.5605,0.602,0.134,0.113,784060430240.0797
Canada,2016,7.316,1.304,1.14011859893799,0.5605,0.602,0.134,0.113,1527994741907.425
New Zealand,2016,7.314,1.304,1.14011859893799,0.5605,0.602,0.134,0.113,188898209220.16672
Australia,2016,7.284,1.304,1.14011859893799,0.5605,0.602,0.134,0.113,1207580901578.7236
Sweden,2016,7.284,1.304,1.14011859893799,0.5605,0.602,0.134,0.113,515654671469.5469
Israel,2016,7.213,1.304,1.14011859893799,0.5605,0.602,0.134,0.113,322102790386.835
Costa Rica,2016,7.079,1.304,1.14011859893799,0.5605,0.602,0.134,0.113,58847019609.6549
Austria,2016,7.006,1.304,1.14011859893799,0.5605,0.602,0.134,0.113,395837353031.499
United States,2016,6.993,1.304,1.14011859893799,0.5605,0.602,0.134,0.113,18804913000000.0
Ireland,2016,6.977,1.304,1.14011859893799,0.5605,0.602,0.134,0.113,298559265006.39764
Germany,2016,6.951,1.304,1.14011859893799,0.5605,0.602,0.134,0.113,3469853463945.5337
Belgium,2016,6.891,1.304,1.14011859893799,0.5605,0.602,0.134,0.113,476062757356.9273
Luxembourg,2016,6.863,1.304,1.14011859893799,0.5605,0.602,0.134,0.113,62216885435.94879
United Kingdom,2016,6.714,1.304,1.14011859893799,0.5605,0.602,0.134,0.113,2689106566899.611
Chile,2016,6.652,1.304,1.14011859893799,0.5605,0.602,0.134,0.113,249344863933.46103
United Arab Emirates,2016,6.648,1.304,1.14011859893799,0.5605,0.602,0.134,0.113,369255326235.5344
Brazil,2016,6.635,1.304,1.14011859893799,0.5605,0.602,0.134,0.113,1795693482652.5151
Czechia,2016,6.609,1.304,1.14011859893799,0.5605,0.602,0.134,0.113,196272068576.3383
Argentina,2016,6.599,1.304,1.14011859893799,0.5605,0.602,0.134,0.113,557532320662.9546
Mexico,2016,6.578,1.304,1.14011859893799,0.5605,0.602,0.134,0.113,1112233497452.6975
Singapore,2016,6.572,1.304,1.14011859893799,0.5605,0.602,0.134,0.113,319053943915.0054
Malta,2016,6.527,1.304,1.14011859893799,0.5605,0.602,0.134,0.113,11668015565.80819
Uruguay,2016,6.454,1.304,1.14011859893799,0.5605,0.602,0.134,0.113,57480788380.31204
Guatemala,2016,6.454,1.304,1.14011859893799,0.5605,0.602,0.134,0.113,66053403469.00244
Panama,2016,6.452,1.304,1.14011859893799,0.5605,0.602,0.134,0.113,57907700000.0
France,2016,6.442,1.304,1.14011859893799,0.5605,0.602,0.134,0.113,2472964344587.165
Thailand,2016,6.424,1.304,1.14011859893799,0.5605,0.602,0.134,0.113,413366349747.5081
Spain,2016,6.403,1.304,1.14011859893799,0.5605,0.602,0.134,0.113,1233554967011.6765
Qatar,2016,6.375,1.304,1.14011859893799,0.5605,0.602,0.134,0.113,151732181868.13187
Colombia,2016,6.357,1.304,1.14011859893799,0.5605,0.602,0.134,0.113,282720100286.22784
Saudi Arabia,2016,6.344,1.304,1.14011859893799,0.5605,0.602,0.134,0.113,666000000000.0
Trinidad and Tobago,2016,6.168,1.304,1.14011859893799,0.5605,0.602,0.134,0.113,23713671528.142097
Kuwait,2016,6.105,1.304,1.14011859893799,0.5605,0.602,0.134,0.113,109406674087.94688
Bahrain,2016,6.087,1.304,1.14011859893799,0.5605,0.602,0.134,0.113,32250132978.723404
Malaysia,2016,6.084,1.304,1.14011859893799,0.5605,0.602,0.134,0.113,301256033870.3336
Nicaragua,2016,6.071,1.304,1.14011859893799,0.5605,0.602,0.134,0.113,13286118584.256315
Ecuador,2016,6.008,1.304,1.14011859893799,0.5605,0.602,0.134,0.113,97671433000.0
El Salvador,2016,6.003,1.304,1.14011859893799,0.5605,0.602,0.134,0.113,24191430000.0
Poland,2016,5.973,1.304,1.14011859893799,0.5605,0.602,0.134,0.113,470024599375.6187
Uzbekistan,2016,5.971,1.304,1.14011859893799,0.5605,0.602,0.134,0.113,86138288644.17099
Italy,2016,5.964,1.304,1.14011859893799,0.5605,0.602,0.134,0.113,1877071687633.7788
Russian Federation,2016,5.963,1.304,1.14011859893799,0.5605,0.602,0.134,0.113,1276786350881.137
Belize,2016,5.956,1.304,1.14011859893799,0.5605,0.602,0.134,0.113,2240593542.975695
Japan,2016,5.92,1.304,1.14011859893799,0.5605,0.602,0.134,0.113,5003677627544.24
Lithuania,2016,5.902,1.304,1.14011859893799,0.5605,0.602,0.134,0.113,43047309305.73629
Algeria,2016,5.872,1.304,1.14011859893799,0.5605,0.602,0.134,0.113,180763839522.1508
Latvia,2016,5.85,1.304,1.14011859893799,0.5605,0.602,0.134,0.113,28083597512.48412
Romania,2016,5.825,1.304,1.14011859893799,0.5605,0.602,0.134,0.113,185287630540.43143
Bolivia,2016,5.823,1.304,1.14011859893799,0.5605,0.602,0.134,0.113,33941126193.92185
Turkmenistan,2016,5.822,1.304,1.14011859893799,0.5605,0.602,0.134,0.113,36169428571.42857
Kazakhstan,2016,5.819,1.304,1.14011859893799,0.5605,0.602,0.134,0.113,137278320084.17114
Slovenia,2016,5.758,1.304,1.14011859893799,0.5605,0.602,0.134,0.113,44766722790.5826
Peru,2016,5.715,1.304,1.14011859893799,0.5605,0.602,0.134,0.113,191898104390.37863
Mauritius,2016,5.629,1.304,1.14011859893799,0.5605,0.602,0.134,0.113,12594155464.413631
Cyprus,2016,5.621,1.304,1.14011859893799,0.5605,0.602,0.134,0.113,21046452116.38089
Estonia,2016,5.611,1.304,1.14011859893799,0.5605,0.602,0.134,0.113,24072829276.77438
Belarus,2016,5.569,1.304,1.14011859893799,0.5605,0.602,0.134,0.113,47723545321.25899
Libya,2016,5.525,1.304,1.14011859893799,0.5605,0.602,0.134,0.113,49912073701.298
Paraguay,2016,5.493,1.304,1.14011859893799,0.5605,0.602,0.134,0.113,36089700222.946144
Philippines,2016,5.43,1.304,1.14011859893799,0.5605,0.602,0.134,0.113,318627003012.5201
Serbia,2016,5.395,1.304,1.14011859893799,0.5605,0.602,0.134,0.113,40692661657.284
Jordan,2016,5.336,1.304,1.14011859893799,0.5605,0.602,0.134,0.113,39892551126.76057
Hungary,2016,5.324,1.304,1.14011859893799,0.5605,0.602,0.134,0.113,128609822750.03862
Jamaica,2016,5.311,1.304,1.14011859893799,0.5605,0.602,0.134,0.113,14077096676.621284
Croatia,2016,5.293,1.304,1.14011859893799,0.5605,0.602,0.134,0.113,52740059263.42448
Kosovo,2016,5.279,1.304,1.14011859893799,0.5605,0.602,0.134,0.113,6682677289.989938
China,2016,5.273,1.304,1.14011859893799,0.5605,0.602,0.134,0.113,11233313730348.72
Pakistan,2016,5.269,1.304,1.14011859893799,0.5605,0.602,0.134,0.113,313630000130.43536
Indonesia,2016,5.262,1.304,1.14011859893799,0.5605,0.602,0.134,0.113,931877364037.6976
Montenegro,2016,5.237,1.304,1.14011859893799,0.5605,0.602,0.134,0.113,4376930578.323949
Morocco,2016,5.235,1.304,1.14011859893799,0.5605,0.602,0.134,0.113,111572947004.91748
Azerbaijan,2016,5.234,1.304,1.14011859893799,0.5605,0.602,0.134,0.113,37866996882.915695
Dominican Republic,2016,5.23,1.304,1.14011859893799,0.5605,0.602,0.134,0.113,75704647877.65591
Greece,2016,5.227,1.304,1.14011859893799,0.5605,0.602,0.134,0.113,193148146586.9328
Lebanon,2016,5.225,1.304,1.14011859893799,0.5605,0.602,0.134,0.113,51147308774.12936
Portugal,2016,5.195,1.304,1.14011859893799,0.5605,0.602,0.134,0.113,206426152308.93085
Bosnia and Herzegovina,2016,5.182,1.304,1.14011859893799,0.5605,0.602,0.134,0.113,17116926327.624697
Honduras,2016,5.181,1.304,1.14011859893799,0.5605,0.602,0.134,0.113,21717604952.183525
North Macedonia,2016,5.175,1.304,1.14011859893799,0.5605,0.602,0.134,0.113,10672467073.287252
Somalia,2016,5.151,1.304,1.14011859893799,0.5605,0.602,0.134,0.113,7390796616.528166
Viet Nam,2016,5.074,1.304,1.14011859893799,0.5605,0.602,0.134,0.113,257096001177.98184
Nigeria,2016,5.074,1.304,1.14011859893799,0.5605,0.602,0.134,0.113,404649125252.1596
Tajikistan,2016,5.041,1.304,1.14011859893799,0.5605,0.602,0.134,0.113,6992416096.890184
Bhutan,2016,5.011,1.304,1.14011859893799,0.5605,0.602,0.134,0.113,2322730512.468928
Nepal,2016,4.962,1.304,1.14011859893799,0.5605,0.602,0.134,0.113,24524109483.529343
Mongolia,2016,4.955,1.304,1.14011859893799,0.5605,0.602,0.134,0.113,11181350649.357347
South Africa,2016,4.829,1.304,1.14011859893799,0.5605,0.602,0.134,0.113,323585509674.4806
Tunisia,2016,4.805,1.304,1.14011859893799,0.5605,0.602,0.134,0.113,44360072680.44765
Bulgaria,2016,4.714,1.304,1.14011859893799,0.5605,0.602,0.134,0.113,53964253211.83995
Sierra Leone,2016,4.709,1.304,1.14011859893799,0.5605,0.602,0.134,0.113,3862721266.021616
Cameroon,2016,4.695,1.304,1.14011859893799,0.5605,0.602,0.134,0.113,33814337040.781666
Albania,2016,4.644,1.304,1.14011859893799,0.5605,0.602,0.134,0.113,11861199830.83956
Bangladesh,2016,4.608,1.304,1.14011859893799,0.5605,0.602,0.134,0.113,265224514652.99173
Namibia,2016,4.574,1.304,1.14011859893799,0.5605,0.602,0.134,0.113,10722018732.093588
Kenya,2016,4.553,1.304,1.14011859893799,0.5605,0.602,0.134,0.113,74815144163.89308
Mozambique,2016,4.55,1.304,1.14011859893799,0.5605,0.602,0.134,0.113,12069051237.171114
Myanmar,2016,4.545,1.304,1.14011859893799,0.5605,0.602,0.134,0.113,63298361996.2153
Senegal,2016,4.535,1.304,1.14011859893799,0.5605,0.602,0.134,0.113,19040312333.186382
Zambia,2016,4.514,1.304,1.14011859893799,0.5605,0.602,0.134,0.113,20958412538.309345
Iraq,2016,4.497,1.304,1.14011859893799,0.5605,0.602,0.134,0.113,166743557747.67148
Gabon,2016,4.465,1.304,1.14011859893799,0.5605,0.602,0.134,0.113,14023890265.366455
Ethiopia,2016,4.46,1.304,1.14011859893799,0.5605,0.602,0.134,0.113,74296745207.87209
Sri Lanka,2016,4.44,1.304,1.14011859893799,0.5605,0.602,0.134,0.113,88012282205.83571
Armenia,2016,4.376,1.304,1.14011859893799,0.5605,0.602,0.134,0.113,10546136235.521862
India,2016,4.315,1.304,1.14011859893799,0.5605,0.602,0.134,0.113,2294796885663.67
Mauritania,2016,4.292,1.304,1.14011859893799,0.5605,0.602,0.134,0.113,6398747592.131846
Georgia,2016,4.286,1.304,1.14011859893799,0.5605,0.602,0.134,0.113,15444548901.963682
Mali,2016,4.19,1.304,1.14011859893799,0.5605,0.602,0.134,0.113,14026048335.704683
Cambodia,2016,4.168,1.304,1.14011859893799,0.5605,0.602,0.134,0.113,20016747857.636715
Sudan,2016,4.139,1.304,1.14011859893799,0.5605,0.602,0.134,0.113,42630376000.0
Ghana,2016,4.12,1.304,1.14011859893799,0.5605,0.602,0.134,0.113,56164929304.8754
Ukraine,2016,4.096,1.304,1.14011859893799,0.5605,0.602,0.134,0.113,93355869403.92232
Uganda,2016,4.081,1.304,1.14011859893799,0.5605,0.602,0.134,0.113,29203988696.26261
Burkina Faso,2016,4.032,1.304,1.14011859893799,0.5605,0.602,0.134,0.113,12833363045.336657
Niger,2016,4.028,1.304,1.14011859893799,0.5605,0.602,0.134,0.113,10398861981.758308
Malawi,2016,3.97,1.304,1.14011859893799,0.5605,0.602,0.134,0.113,7909868618.46366
Chad,2016,3.936,1.304,1.14011859893799,0.5605,0.602,0.134,0.113,10097778098.170738
Zimbabwe,2016,3.875,1.304,1.14011859893799,0.5605,0.602,0.134,0.113,20548678100.0
Lesotho,2016,3.808,1.304,1.14011859893799,0.5605,0.602,0.134,0.113,2114426453.706968
Angola,2016,3.795,1.304,1.14011859893799,0.5605,0.602,0.134,0.113,52761617225.925285
Afghanistan,2016,3.794,1.304,1.14011859893799,0.5605,0.602,0.134,0.113,18116572395.077213
Botswana,2016,3.766,1.304,1.14011859893799,0.5605,0.602,0.134,0.113,15082637184.04962
Benin,2016,3.657,1.304,1.14011859893799,0.5605,0.602,0.134,0.113,11821065853.38379
Madagascar,2016,3.644,1.304,1.14011859893799,0.5605,0.602,0.134,0.113,11848613858.441998
Haiti,2016,3.603,1.304,1.14011859893799,0.5605,0.602,0.134,0.113,14069277526.227812
Liberia,2016,3.533,1.304,1.14011859893799,0.5605,0.602,0.134,0.113,3398419600.0
Guinea,2016,3.507,1.304,1.14011859893799,0.5605,0.602,0.134,0.113,8595955600.36601
Togo,2016,3.495,1.304,1.14011859893799,0.5605,0.602,0.134,0.113,6071170959.120933
Rwanda,2016,3.471,1.304,1.14011859893799,0.5605,0.602,0.134,0.113,8695272095.385021
Tanzania,2016,3.349,1.304,1.14011859893799,0.5605,0.602,0.134,0.113,49774409374.453766
Burundi,2016,2.905,1.304,1.14011859893799,0.5605,0.602,0.134,0.113,2644487776.500767
Central African Republic,2016,2.693,1.304,1.14011859893799,0.5605,0.602,0.134,0.113,1825018144.6559527
Denmark,2015,7.526,1.304,1.14011859893799,0.5605,0.602,0.134,0.113,302673070846.85724
Switzerland,2015,7.509,1.304,1.14011859893799,0.5605,0.602,0.134,0.113,694118186379.6278
Iceland,2015,7.501,1.304,1.14011859893799,0.5605,0.602,0.134,0.113,17517210519.091156
Norway,2015,7.498,1.304,1.14011859893799,0.5605,0.602,0.134,0.113,388159512245.53046
Finland,2015,7.413,1.304,1.14011859893799,0.5605,0.602,0.134,0.113,234534382384.7655
Canada,2015,7.404,1.304,1.14011859893799,0.5605,0.602,0.134,0.113,1556508816217.14
Netherlands,2015,7.339,1.304,1.14011859893799,0.5605,0.602,0.134,0.113,765572770634.3746
New Zealand,2015,7.334,1.304,1.14011859893799,0.5605,0.602,0.134,0.113,178104220784.8812
Australia,2015,7.313,1.304,1.14011859893799,0.5605,0.602,0.134,0.113,1351768945139.1135
Sweden,2015,7.291,1.304,1.14011859893799,0.5605,0.602,0.134,0.113,505103781349.7569
Israel,2015,7.267,1.304,1.14011859893799,0.5605,0.602,0.134,0.113,303414276832.04004
Austria,2015,7.119,1.304,1.14011859893799,0.5605,0.602,0.134,0.113,381971148530.5428
United States,2015,7.104,1.304,1.14011859893799,0.5605,0.602,0.134,0.113,18295019000000.0
Costa Rica,2015,7.087,1.304,1.14011859893799,0.5605,0.602,0.134,0.113,56441920821.08063
Puerto Rico,2015,7.039,1.304,1.14011859893799,0.5605,0.602,0.134,0.113,103375500000.0
Germany,2015,6.994,1.304,1.14011859893799,0.5605,0.602,0.134,0.113,3357585719351.5605
Brazil,2015,6.952,1.304,1.14011859893799,0.5605,0.602,0.134,0.113,1802212206904.6772
Belgium,2015,6.929,1.304,1.14011859893799,0.5605,0.602,0.134,0.113,462335574841.4841
Ireland,2015,6.907,1.304,1.14011859893799,0.5605,0.602,0.134,0.113,292364226871.7561
Luxembourg,2015,6.871,1.304,1.14011859893799,0.5605,0.602,0.134,0.113,60071584216.13747
Mexico,2015,6.778,1.304,1.14011859893799,0.5605,0.602,0.134,0.113,1213294467716.8804
Singapore,2015,6.739,1.304,1.14011859893799,0.5605,0.602,0.134,0.113,307998545269.39795
United Kingdom,2015,6.725,1.304,1.14011859893799,0.5605,0.602,0.134,0.113,2927911140916.7314
Chile,2015,6.705,1.304,1.14011859893799,0.5605,0.602,0.134,0.113,242450355827.82703
Panama,2015,6.701,1.304,1.14011859893799,0.5605,0.602,0.134,0.113,54091800000.0
Argentina,2015,6.65,1.304,1.14011859893799,0.5605,0.602,0.134,0.113,594749285413.2124
Czechia,2015,6.596,1.304,1.14011859893799,0.5605,0.602,0.134,0.113,188033050459.8811
United Arab Emirates,2015,6.573,1.304,1.14011859893799,0.5605,0.602,0.134,0.113,370275469571.1368
Uruguay,2015,6.545,1.304,1.14011859893799,0.5605,0.602,0.134,0.113,57680327998.66888
Malta,2015,6.488,1.304,1.14011859893799,0.5605,0.602,0.134,0.113,11091483659.615578
Colombia,2015,6.481,1.304,1.14011859893799,0.5605,0.602,0.134,0.113,293492370193.1657
France,2015,6.478,1.304,1.14011859893799,0.5605,0.602,0.134,0.113,2439188643162.4985
Thailand,2015,6.474,1.304,1.14011859893799,0.5605,0.602,0.134,0.113,401296238228.0839
Saudi Arabia,2015,6.379,1.304,1.14011859893799,0.5605,0.602,0.134,0.113,669484266666.6666
Qatar,2015,6.375,1.304,1.14011859893799,0.5605,0.602,0.134,0.113,161739955576.92307
Spain,2015,6.361,1.304,1.14011859893799,0.5605,0.602,0.134,0.113,1196156971279.6868
Algeria,2015,6.355,1.304,1.14011859893799,0.5605,0.602,0.134,0.113,187493855609.34464
Guatemala,2015,6.324,1.304,1.14011859893799,0.5605,0.602,0.134,0.113,62186064718.74239
Suriname,2015,6.269,1.304,1.14011859893799,0.5605,0.602,0.134,0.113,5126237646.220717
Kuwait,2015,6.239,1.304,1.14011859893799,0.5605,0.602,0.134,0.113,114585555830.9162
Bahrain,2015,6.218,1.304,1.14011859893799,0.5605,0.602,0.134,0.113,31125851063.82979
Trinidad and Tobago,2015,6.168,1.304,1.14011859893799,0.5605,0.602,0.134,0.113,27026080986.578026
El Salvador,2015,6.068,1.304,1.14011859893799,0.5605,0.602,0.134,0.113,23438240000.0
Malaysia,2015,6.005,1.304,1.14011859893799,0.5605,0.602,0.134,0.113,301355266964.9473
Nicaragua,2015,5.992,1.304,1.14011859893799,0.5605,0.602,0.134,0.113,12756706583.31132
Uzbekistan,2015,5.987,1.304,1.14011859893799,0.5605,0.602,0.134,0.113,86196264755.31053
Italy,2015,5.977,1.304,1.14011859893799,0.5605,0.602,0.134,0.113,1836637711060.546
Ecuador,2015,5.976,1.304,1.14011859893799,0.5605,0.602,0.134,0.113,97209558000.0
Belize,2015,5.956,1.304,1.14011859893799,0.5605,0.602,0.134,0.113,2194709309.242045
Japan,2015,5.921,1.304,1.14011859893799,0.5605,0.602,0.134,0.113,4444930651964.18
Kazakhstan,2015,5.919,1.304,1.14011859893799,0.5605,0.602,0.134,0.113,184388404706.04172
Russian Federation,2015,5.856,1.304,1.14011859893799,0.5605,0.602,0.134,0.113,1363482182197.705
Poland,2015,5.835,1.304,1.14011859893799,0.5605,0.602,0.134,0.113,477111287969.2267
Bolivia,2015,5.822,1.304,1.14011859893799,0.5605,0.602,0.134,0.113,33000198248.914616
Lithuania,2015,5.813,1.304,1.14011859893799,0.5605,0.602,0.134,0.113,41435533340.38826
Belarus,2015,5.802,1.304,1.14011859893799,0.5605,0.602,0.134,0.113,56454889146.60878
Slovenia,2015,5.768,1.304,1.14011859893799,0.5605,0.602,0.134,0.113,43107506024.32537
Peru,2015,5.743,1.304,1.14011859893799,0.5605,0.602,0.134,0.113,189802976285.61893
Turkmenistan,2015,5.658,1.304,1.14011859893799,0.5605,0.602,0.134,0.113,35799714285.71429
Mauritius,2015,5.648,1.304,1.14011859893799,0.5605,0.602,0.134,0.113,12007291045.648909
Libya,2015,5.615,1.304,1.14011859893799,0.5605,0.602,0.134,0.113,48717501321.30524
Latvia,2015,5.56,1.304,1.14011859893799,0.5605,0.602,0.134,0.113,27263090547.061707
Cyprus,2015,5.546,1.304,1.14011859893799,0.5605,0.602,0.134,0.113,19909269064.12042
Paraguay,2015,5.538,1.304,1.14011859893799,0.5605,0.602,0.134,0.113,36211447840.09714
Romania,2015,5.528,1.304,1.14011859893799,0.5605,0.602,0.134,0.113,177883883008.74738
Estonia,2015,5.517,1.304,1.14011859893799,0.5605,0.602,0.134,0.113,22890762090.15077
Jamaica,2015,5.51,1.304,1.14011859893799,0.5605,0.602,0.134,0.113,14188936918.003582
Croatia,2015,5.488,1.304,1.14011859893799,0.5605,0.602,0.134,0.113,51011170111.84869
Somalia,2015,5.44,1.304,1.14011859893799,0.5605,0.602,0.134,0.113,6984947145.095078
Kosovo,2015,5.401,1.304,1.14011859893799,0.5605,0.602,0.134,0.113,6295848422.715734
Indonesia,2015,5.314,1.304,1.14011859893799,0.5605,0.602,0.134,0.113,860854232686.2139
Jordan,2015,5.303,1.304,1.14011859893799,0.5605,0.602,0.134,0.113,38587017887.32394
Azerbaijan,2015,5.291,1.304,1.14011859893799,0.5605,0.602,0.134,0.113,53076235354.74602
Philippines,2015,5.279,1.304,1.14011859893799,0.5605,0.602,0.134,0.113,306445871246.7178
China,2015,5.245,1.304,1.14011859893799,0.5605,0.602,0.134,0.113,11061572618578.691
Bhutan,2015,5.196,1.304,1.14011859893799,0.5605,0.602,0.134,0.113,2154921010.655577
Serbia,2015,5.177,1.304,1.14011859893799,0.5605,0.602,0.134,0.113,39655949731.381615
Bosnia and Herzegovina,2015,5.163,1.304,1.14011859893799,0.5605,0.602,0.134,0.113,16404348871.443705
Montenegro,2015,5.161,1.304,1.14011859893799,0.5605,0.602,0.134,0.113,4054730077.577178
Dominican Republic,2015,5.155,1.304,1.14011859893799,0.5605,0.602,0.134,0.113,71164826836.5281
Morocco,2015,5.151,1.304,1.14011859893799,0.5605,0.602,0.134,0.113,110413823841.59187
Hungary,2015,5.145,1.304,1.14011859893799,0.5605,0.602,0.134,0.113,125174166987.37167
Pakistan,2015,5.132,1.304,1.14011859893799,0.5605,0.602,0.134,0.113,299963590534.7735
Lebanon,2015,5.129,1.304,1.14011859893799,0.5605,0.602,0.134,0.113,49929337836.81592
Portugal,2015,5.123,1.304,1.14011859893799,0.5605,0.602,0.134,0.113,199394066525.4401
North Macedonia,2015,5.121,1.304,1.14011859893799,0.5605,0.602,0.134,0.113,10064519962.565548
Viet Nam,2015,5.061,1.304,1.14011859893799,0.5605,0.602,0.134,0.113,239258328381.7414
Tunisia,2015,5.045,1.304,1.14011859893799,0.5605,0.602,0.134,0.113,45779494041.92953
Greece,2015,5.033,1.304,1.14011859893799,0.5605,0.602,0.134,0.113,195683527003.3745
Tajikistan,2015,4.996,1.304,1.14011859893799,0.5605,0.602,0.134,0.113,8271431485.0748415
Mongolia,2015,4.907,1.304,1.14011859893799,0.5605,0.602,0.134,0.113,11619892590.694118
Lao PDR,2015,4.876,1.304,1.14011859893799,0.5605,0.602,0.134,0.113,14426380125.648829
Nigeria,2015,4.875,1.304,1.14011859893799,0.5605,0.602,0.134,0.113,493026682800.6295
Honduras,2015,4.871,1.304,1.14011859893799,0.5605,0.602,0.134,0.113,20979791685.41604
Zambia,2015,4.795,1.304,1.14011859893799,0.5605,0.602,0.134,0.113,21251216798.776245
Nepal,2015,4.793,1.304,1.14011859893799,0.5605,0.602,0.134,0.113,24360801286.76381
Albania,2015,4.655,1.304,1.14011859893799,0.5605,0.602,0.134,0.113,11386853113.0189
Bangladesh,2015,4.643,1.304,1.14011859893799,0.5605,0.602,0.134,0.113,195146607942.29083
Sierra Leone,2015,4.635,1.304,1.14011859893799,0.5605,0.602,0.134,0.113,4252029353.821908
Iraq,2015,4.575,1.304,1.14011859893799,0.5605,0.602,0.134,0.113,166774104959.10168
Namibia,2015,4.574,1.304,1.14011859893799,0.5605,0.602,0.134,0.113,11335161083.506102
Cameroon,2015,4.513,1.304,1.14011859893799,0.5605,0.602,0.134,0.113,32210233021.404896
Ethiopia,2015,4.508,1.304,1.14011859893799,0.5605,0.602,0.134,0.113,64589328550.5953
South Africa,2015,4.459,1.304,1.14011859893799,0.5605,0.602,0.134,0.113,346709790458.56305
Sri Lanka,2015,4.415,1.304,1.14011859893799,0.5605,0.602,0.134,0.113,85140955388.85092
India,2015,4.404,1.304,1.14011859893799,0.5605,0.602,0.134,0.113,2103588360044.389
Myanmar,2015,4.395,1.304,1.14011859893799,0.5605,0.602,0.134,0.113,59607290407.61913
Armenia,2015,4.36,1.304,1.14011859893799,0.5605,0.602,0.134,0.113,10553337518.414
Kenya,2015,4.356,1.304,1.14011859893799,0.5605,0.602,0.134,0.113,70120446896.8359
Ukraine,2015,4.324,1.304,1.14011859893799,0.5605,0.602,0.134,0.113,91030967789.07176
Ghana,2015,4.276,1.304,1.14011859893799,0.5605,0.602,0.134,0.113,49406010054.266335
Georgia,2015,4.252,1.304,1.14011859893799,0.5605,0.602,0.134,0.113,15223796148.83962
Senegal,2015,4.219,1.304,1.14011859893799,0.5605,0.602,0.134,0.113,17774766696.175896
Bulgaria,2015,4.217,1.304,1.14011859893799,0.5605,0.602,0.134,0.113,50811995688.67711
Mauritania,2015,4.201,1.304,1.14011859893799,0.5605,0.602,0.134,0.113,6166863896.686766
Zimbabwe,2015,4.193,1.304,1.14011859893799,0.5605,0.602,0.134,0.113,19963120600.0
Malawi,2015,4.156,1.304,1.14011859893799,0.5605,0.602,0.134,0.113,9219474379.315342
Sudan,2015,4.139,1.304,1.14011859893799,0.5605,0.602,0.134,0.113,51726758676.76768
Gabon,2015,4.121,1.304,1.14011859893799,0.5605,0.602,0.134,0.113,14383107762.695185
Mali,2015,4.073,1.304,1.14011859893799,0.5605,0.602,0.134,0.113,13104764378.325953
Haiti,2015,4.028,1.304,1.14011859893799,0.5605,0.602,0.134,0.113,14849629308.602478
Botswana,2015,3.974,1.304,1.14011859893799,0.5605,0.602,0.134,0.113,13530748844.50496
Comoros,2015,3.956,1.304,1.14011859893799,0.5605,0.602,0.134,0.113,966029600.8622274
Cambodia,2015,3.907,1.304,1.14011859893799,0.5605,0.602,0.134,0.113,18049954289.472065
Angola,2015,3.866,1.304,1.14011859893799,0.5605,0.602,0.134,0.113,90496420506.59566
Niger,2015,3.856,1.304,1.14011859893799,0.5605,0.602,0.134,0.113,9683867926.442823
South Sudan,2015,3.832,1.304,1.14011859893799,0.5605,0.602,0.134,0.113,11997800760.224182
Chad,2015,3.763,1.304,1.14011859893799,0.5605,0.602,0.134,0.113,10950392256.954294
Burkina Faso,2015,3.739,1.304,1.14011859893799,0.5605,0.602,0.134,0.113,11832159315.62978
Uganda,2015,3.739,1.304,1.14011859893799,0.5605,0.602,0.134,0.113,32387183730.10015
Madagascar,2015,3.695,1.304,1.14011859893799,0.5605,0.602,0.134,0.113,11323020701.301683
Tanzania,2015,3.666,1.304,1.14011859893799,0.5605,0.602,0.134,0.113,47413919817.12405
Liberia,2015,3.622,1.304,1.14011859893799,0.5605,0.602,0.134,0.113,3227075700.0
Guinea,2015,3.607,1.304,1.14011859893799,0.5605,0.602,0.134,0.113,8794202394.290764
Rwanda,2015,3.515,1.304,1.14011859893799,0.5605,0.602,0.134,0.113,8543759088.577828
Benin,2015,3.484,1.304,1.14011859893799,0.5605,0.602,0.134,0.113,11388160996.773785
Afghanistan,2015,3.36,1.304,1.14011859893799,0.5605,0.602,0.134,0.113,19134221644.73249
Togo,2015,3.303,1.304,1.14011859893799,0.5605,0.602,0.134,0.113,5755461035.443332
Burundi,2015,2.905,1.304,1.14011859893799,0.5605,0.602,0.134,0.113,3104003546.264973
Switzerland,2014,7.587,1.304,1.14011859893799,0.5605,0.602,0.134,0.113,726537808338.0005
Iceland,2014,7.561,1.304,1.14011859893799,0.5605,0.602,0.134,0.113,17867662177.89113
Denmark,2014,7.527,1.304,1.14011859893799,0.5605,0.602,0.134,0.113,352993631617.708
Norway,2014,7.522,1.304,1.14011859893799,0.5605,0.602,0.134,0.113,501736471832.84814
Canada,2014,7.427,1.304,1.14011859893799,0.5605,0.602,0.134,0.113,1805749878439.941
Finland,2014,7.406,1.304,1.14011859893799,0.5605,0.602,0.134,0.113,274862826772.15588
Netherlands,2014,7.378,1.304,1.14011859893799,0.5605,0.602,0.134,0.113,892167986713.7224
Sweden,2014,7.364,1.304,1.14011859893799,0.5605,0.602,0.134,0.113,581964017237.0946
New Zealand,2014,7.286,1.304,1.14011859893799,0.5605,0.602,0.134,0.113,201337554959.4896
Australia,2014,7.284,1.304,1.14011859893799,0.5605,0.602,0.134,0.113,1468597690006.215
Israel,2014,7.278,1.304,1.14011859893799,0.5605,0.602,0.134,0.113,314330061977.26337
Costa Rica,2014,7.226,1.304,1.14011859893799,0.5605,0.602,0.134,0.113,52016408951.822464
Austria,2014,7.2,1.304,1.14011859893799,0.5605,0.602,0.134,0.113,442584815286.03375
Mexico,2014,7.187,1.304,1.14011859893799,0.5605,0.602,0.134,0.113,1364507717614.1345
United States,2014,7.119,1.304,1.14011859893799,0.5605,0.602,0.134,0.113,17608138000000.0
Brazil,2014,6.983,1.304,1.14011859893799,0.5605,0.602,0.134,0.113,2456043727198.8545
Luxembourg,2014,6.946,1.304,1.14011859893799,0.5605,0.602,0.134,0.113,68804811897.64447
Ireland,2014,6.94,1.304,1.14011859893799,0.5605,0.602,0.134,0.113,259681883575.7057
Belgium,2014,6.937,1.304,1.14011859893799,0.5605,0.602,0.134,0.113,535390200131.0177
United Arab Emirates,2014,6.901,1.304,1.14011859893799,0.5605,0.602,0.134,0.113,414105366752.8931
United Kingdom,2014,6.867,1.304,1.14011859893799,0.5605,0.602,0.134,0.113,3064708247921.428
Oman,2014,6.853,1.304,1.14011859893799,0.5605,0.602,0.134,0.113,92699089726.91808
Singapore,2014,6.798,1.304,1.14011859893799,0.5605,0.602,0.134,0.113,314863580758.45465
Panama,2014,6.786,1.304,1.14011859893799,0.5605,0.602,0.134,0.113,49921400000.0
Germany,2014,6.75,1.304,1.14011859893799,0.5605,0.602,0.134,0.113,3889093051023.516
Chile,2014,6.67,1.304,1.14011859893799,0.5605,0.602,0.134,0.113,259560978231.5518
Qatar,2014,6.611,1.304,1.14011859893799,0.5605,0.602,0.134,0.113,206224598571.42856
France,2014,6.575,1.304,1.14011859893799,0.5605,0.602,0.134,0.113,2855964488590.186
Argentina,2014,6.574,1.304,1.14011859893799,0.5605,0.602,0.134,0.113,526319673731.6383
Czechia,2014,6.505,1.304,1.14011859893799,0.5605,0.602,0.134,0.113,209358834156.32904
Uruguay,2014,6.485,1.304,1.14011859893799,0.5605,0.602,0.134,0.113,61496186973.90199
Colombia,2014,6.477,1.304,1.14011859893799,0.5605,0.602,0.134,0.113,381240864422.4061
Thailand,2014,6.455,1.304,1.14011859893799,0.5605,0.602,0.134,0.113,407339040197.6513
Saudi Arabia,2014,6.411,1.304,1.14011859893799,0.5605,0.602,0.134,0.113,766605866666.6666
Spain,2014,6.329,1.304,1.14011859893799,0.5605,0.602,0.134,0.113,1371820537888.6226
Malta,2014,6.302,1.304,1.14011859893799,0.5605,0.602,0.134,0.113,11625848974.805067
Kuwait,2014,6.295,1.304,1.14011859893799,0.5605,0.602,0.134,0.113,162650450784.68552
Suriname,2014,6.269,1.304,1.14011859893799,0.5605,0.602,0.134,0.113,5240606060.606061
Trinidad and Tobago,2014,6.168,1.304,1.14011859893799,0.5605,0.602,0.134,0.113,29699968760.72777
El Salvador,2014,6.13,1.304,1.14011859893799,0.5605,0.602,0.134,0.113,22593470000.0
Guatemala,2014,6.123,1.304,1.14011859893799,0.5605,0.602,0.134,0.113,57852153058.50199
Uzbekistan,2014,6.003,1.304,1.14011859893799,0.5605,0.602,0.134,0.113,80845385809.45294
Japan,2014,5.987,1.304,1.14011859893799,0.5605,0.602,0.134,0.113,4896994405353.292
Ecuador,2014,5.975,1.304,1.14011859893799,0.5605,0.602,0.134,0.113,102717794000.0
Bahrain,2014,5.96,1.304,1.14011859893799,0.5605,0.602,0.134,0.113,33387712765.957447
Italy,2014,5.948,1.304,1.14011859893799,0.5605,0.602,0.134,0.113,2162009615996.5413
Bolivia,2014,5.89,1.304,1.14011859893799,0.5605,0.602,0.134,0.113,32996188017.36613
Paraguay,2014,5.878,1.304,1.14011859893799,0.5605,0.602,0.134,0.113,40377929295.64187
Kazakhstan,2014,5.855,1.304,1.14011859893799,0.5605,0.602,0.134,0.113,221415613595.46927
Slovenia,2014,5.848,1.304,1.14011859893799,0.5605,0.602,0.134,0.113,49997186439.09159
Lithuania,2014,5.833,1.304,1.14011859893799,0.5605,0.602,0.134,0.113,48533659592.17279
Nicaragua,2014,5.828,1.304,1.14011859893799,0.5605,0.602,0.134,0.113,11880434070.78112
Peru,2014,5.824,1.304,1.14011859893799,0.5605,0.602,0.134,0.113,200786250582.94272
Belarus,2014,5.813,1.304,1.14011859893799,0.5605,0.602,0.134,0.113,78812805039.07434
Poland,2014,5.791,1.304,1.14011859893799,0.5605,0.602,0.134,0.113,539080475073.7191
Malaysia,2014,5.77,1.304,1.14011859893799,0.5605,0.602,0.134,0.113,338066095097.2544
Croatia,2014,5.759,1.304,1.14011859893799,0.5605,0.602,0.134,0.113,59489433514.58493
Libya,2014,5.754,1.304,1.14011859893799,0.5605,0.602,0.134,0.113,57372355592.02202
Russian Federation,2014,5.716,1.304,1.14011859893799,0.5605,0.602,0.134,0.113,2059241589895.015
Jamaica,2014,5.709,1.304,1.14011859893799,0.5605,0.602,0.134,0.113,13899217679.92193
Cyprus,2014,5.689,1.304,1.14011859893799,0.5605,0.602,0.134,0.113,23225912184.50475
Algeria,2014,5.605,1.304,1.14011859893799,0.5605,0.602,0.134,0.113,238942664192.59
Kosovo,2014,5.589,1.304,1.14011859893799,0.5605,0.602,0.134,0.113,7074394734.884315
Turkmenistan,2014,5.548,1.304,1.14011859893799,0.5605,0.602,0.134,0.113,43524210526.31579
Mauritius,2014,5.477,1.304,1.14011859893799,0.5605,0.602,0.134,0.113,13074129952.053152
Estonia,2014,5.429,1.304,1.14011859893799,0.5605,0.602,0.134,0.113,26634083965.09873
Indonesia,2014,5.399,1.304,1.14011859893799,0.5605,0.602,0.134,0.113,890814755533.5369
Viet Nam,2014,5.36,1.304,1.14011859893799,0.5605,0.602,0.134,0.113,233451469642.51932
Nigeria,2014,5.268,1.304,1.14011859893799,0.5605,0.602,0.134,0.113,574183763411.5076
Bhutan,2014,5.253,1.304,1.14011859893799,0.5605,0.602,0.134,0.113,2057330872.731512
Azerbaijan,2014,5.212,1.304,1.14011859893799,0.5605,0.602,0.134,0.113,75239785452.10219
Pakistan,2014,5.194,1.304,1.14011859893799,0.5605,0.602,0.134,0.113,271390474857.63217
Jordan,2014,5.192,1.304,1.14011859893799,0.5605,0.602,0.134,0.113,36847643521.12676
Montenegro,2014,5.192,1.304,1.14011859893799,0.5605,0.602,0.134,0.113,4593853290.963004
China,2014,5.14,1.304,1.14011859893799,0.5605,0.602,0.134,0.113,10475624944355.225
Zambia,2014,5.129,1.304,1.14011859893799,0.5605,0.602,0.134,0.113,27141023558.08286
Romania,2014,5.124,1.304,1.14011859893799,0.5605,0.602,0.134,0.113,199713780259.3176
Serbia,2014,5.123,1.304,1.14011859893799,0.5605,0.602,0.134,0.113,47062202418.88643
Portugal,2014,5.102,1.304,1.14011859893799,0.5605,0.602,0.134,0.113,229901964221.88428
Latvia,2014,5.098,1.304,1.14011859893799,0.5605,0.602,0.134,0.113,31386896487.040672
Philippines,2014,5.073,1.304,1.14011859893799,0.5605,0.602,0.134,0.113,297483555344.8018
Morocco,2014,5.013,1.304,1.14011859893799,0.5605,0.602,0.134,0.113,119130841411.6636
North Macedonia,2014,5.007,1.304,1.14011859893799,0.5605,0.602,0.134,0.113,11362265252.777998
Mozambique,2014,4.971,1.304,1.14011859893799,0.5605,0.602,0.134,0.113,17978246586.066242
Albania,2014,4.959,1.304,1.14011859893799,0.5605,0.602,0.134,0.113,13228147516.116798
Bosnia and Herzegovina,2014,4.949,1.304,1.14011859893799,0.5605,0.602,0.134,0.113,18558733564.4692
Lesotho,2014,4.898,1.304,1.14011859893799,0.5605,0.602,0.134,0.113,2441063054.057919
Dominican Republic,2014,4.885,1.304,1.14011859893799,0.5605,0.602,0.134,0.113,67179955677.27914
Lao PDR,2014,4.876,1.304,1.14011859893799,0.5605,0.602,0.134,0.113,13279245886.385435
Mongolia,2014,4.874,1.304,1.14011859893799,0.5605,0.602,0.134,0.113,12226514668.062176
Greece,2014,4.857,1.304,1.14011859893799,0.5605,0.602,0.134,0.113,235458133124.6078
Lebanon,2014,4.839,1.304,1.14011859893799,0.5605,0.602,0.134,0.113,48095213746.600334
Hungary,2014,4.8,1.304,1.14011859893799,0.5605,0.602,0.134,0.113,141033843265.66858
Honduras,2014,4.788,1.304,1.14011859893799,0.5605,0.602,0.134,0.113,19756533971.869846
Tajikistan,2014,4.786,1.304,1.14011859893799,0.5605,0.602,0.134,0.113,9112605459.328451
Tunisia,2014,4.739,1.304,1.14011859893799,0.5605,0.602,0.134,0.113,50271812920.612015
Bangladesh,2014,4.694,1.304,1.14011859893799,0.5605,0.602,0.134,0.113,172886611131.25522
Ukraine,2014,4.681,1.304,1.14011859893799,0.5605,0.602,0.134,0.113,133503871861.7233
Iraq,2014,4.677,1.304,1.14011859893799,0.5605,0.602,0.134,0.113,228415656174.95712
South Africa,2014,4.642,1.304,1.14011859893799,0.5605,0.602,0.134,0.113,381198869776.10565
Ghana,2014,4.633,1.304,1.14011859893799,0.5605,0.602,0.134,0.113,54783319817.370514
Zimbabwe,2014,4.61,1.304,1.14011859893799,0.5605,0.602,0.134,0.113,19495519600.0
Liberia,2014,4.571,1.304,1.14011859893799,0.5605,0.602,0.134,0.113,3225652000.0
India,2014,4.565,1.304,1.14011859893799,0.5605,0.602,0.134,0.113,2039126479155.269
Sudan,2014,4.55,1.304,1.14011859893799,0.5605,0.602,0.134,0.113,49516748617.97752
Haiti,2014,4.518,1.304,1.14011859893799,0.5605,0.602,0.134,0.113,15146883497.633093
Nepal,2014,4.514,1.304,1.14011859893799,0.5605,0.602,0.134,0.113,22731612922.19064
Ethiopia,2014,4.512,1.304,1.14011859893799,0.5605,0.602,0.134,0.113,55612228233.51786
Sierra Leone,2014,4.507,1.304,1.14011859893799,0.5605,0.602,0.134,0.113,5015180725.341599
Mauritania,2014,4.436,1.304,1.14011859893799,0.5605,0.602,0.134,0.113,6592537781.815179
Kenya,2014,4.419,1.304,1.14011859893799,0.5605,0.602,0.134,0.113,68285796514.28962
Djibouti,2014,4.369,1.304,1.14011859893799,0.5605,0.602,0.134,0.113,2214679081.256576
Armenia,2014,4.35,1.304,1.14011859893799,0.5605,0.602,0.134,0.113,11609513246.795769
Botswana,2014,4.332,1.304,1.14011859893799,0.5605,0.602,0.134,0.113,15470088500.74136
Myanmar,2014,4.307,1.304,1.14011859893799,0.5605,0.602,0.134,0.113,65531374199.66632
Georgia,2014,4.297,1.304,1.14011859893799,0.5605,0.602,0.134,0.113,17966015109.304302
Malawi,2014,4.292,1.304,1.14011859893799,0.5605,0.602,0.134,0.113,8801326169.14547
Sri Lanka,2014,4.271,1.304,1.14011859893799,0.5605,0.602,0.134,0.113,82528535713.92601
Cameroon,2014,4.252,1.304,1.14011859893799,0.5605,0.602,0.134,0.113,36386544715.27016
Bulgaria,2014,4.218,1.304,1.14011859893799,0.5605,0.602,0.134,0.113,57157782909.93072
Angola,2014,4.033,1.304,1.14011859893799,0.5605,0.602,0.134,0.113,135966802586.7132
Mali,2014,3.995,1.304,1.14011859893799,0.5605,0.602,0.134,0.113,14364937124.072668
Comoros,2014,3.956,1.304,1.14011859893799,0.5605,0.602,0.134,0.113,1149587661.0069263
Uganda,2014,3.931,1.304,1.14011859893799,0.5605,0.602,0.134,0.113,32612397257.44579
Senegal,2014,3.904,1.304,1.14011859893799,0.5605,0.602,0.134,0.113,19797253440.26792
Gabon,2014,3.896,1.304,1.14011859893799,0.5605,0.602,0.134,0.113,18203966895.84335
Niger,2014,3.845,1.304,1.14011859893799,0.5605,0.602,0.134,0.113,10862943543.541924
Cambodia,2014,3.819,1.304,1.14011859893799,0.5605,0.602,0.134,0.113,16702610842.35294
Tanzania,2014,3.781,1.304,1.14011859893799,0.5605,0.602,0.134,0.113,49986726460.68049
Madagascar,2014,3.681,1.304,1.14011859893799,0.5605,0.602,0.134,0.113,12522957399.228104
Central African Republic,2014,3.678,1.304,1.14011859893799,0.5605,0.602,0.134,0.113,1894813389.403252
Chad,2014,3.667,1.304,1.14011859893799,0.5605,0.602,0.134,0.113,13940767218.584888
Guinea,2014,3.656,1.304,1.14011859893799,0.5605,0.602,0.134,0.113,8778473643.318516
Burkina Faso,2014,3.587,1.304,1.14011859893799,0.5605,0.602,0.134,0.113,13943016076.743608
Afghanistan,2014,3.575,1.304,1.14011859893799,0.5605,0.602,0.134,0.113,20497128555.69723
Rwanda,2014,3.465,1.304,1.14011859893799,0.5605,0.602,0.134,0.113,8238966247.180328
Benin,2014,3.34,1.304,1.14011859893799,0.5605,0.602,0.134,0.113,13284527846.908115
Burundi,2014,2.906,1.304,1.14011859893799,0.5605,0.602,0.134,0.113,2705783329.804834
Togo,2014,2.839,1.304,1.14011859893799,0.5605,0.602,0.134,0.113,6393318261.860072
Denmark,2012,7.693,1.304,1.14011859893799,0.5605,0.602,0.134,0.113,327148943812.1366
Norway,2012,7.655,1.304,1.14011859893799,0.5605,0.602,0.134,0.113,512777309840.997
Switzerland,2012,7.65,1.304,1.14011859893799,0.5605,0.602,0.134,0.113,686420221557.9899
Netherlands,2012,7.512,1.304,1.14011859893799,0.5605,0.602,0.134,0.113,838923319919.5315
Sweden,2012,7.48,1.304,1.14011859893799,0.5605,0.602,0.134,0.113,552483727282.8025
Canada,2012,7.477,1.304,1.14011859893799,0.5605,0.602,0.134,0.113,1828366481521.5952
Finland,2012,7.389,1.304,1.14011859893799,0.5605,0.602,0.134,0.113,258290060227.73444
Austria,2012,7.369,1.304,1.14011859893799,0.5605,0.602,0.134,0.113,409401816050.5313
Iceland,2012,7.355,1.304,1.14011859893799,0.5605,0.602,0.134,0.113,14751508133.544275
Australia,2012,7.35,1.304,1.14011859893799,0.5605,0.602,0.134,0.113,1547649835732.891
Israel,2012,7.301,1.304,1.14011859893799,0.5605,0.602,0.134,0.113,262282344091.8492
Costa Rica,2012,7.257,1.304,1.14011859893799,0.5605,0.602,0.134,0.113,47231655431.13892
New Zealand,2012,7.221,1.304,1.14011859893799,0.5605,0.602,0.134,0.113,176210710655.20847
United Arab Emirates,2012,7.144,1.304,1.14011859893799,0.5605,0.602,0.134,0.113,384610125391.4227
Panama,2012,7.143,1.304,1.14011859893799,0.5605,0.602,0.134,0.113,40429700000.0
Mexico,2012,7.088,1.304,1.14011859893799,0.5605,0.602,0.134,0.113,1255110424817.7866
United States,2012,7.082,1.304,1.14011859893799,0.5605,0.602,0.134,0.113,16253970000000.0
Ireland,2012,7.076,1.304,1.14011859893799,0.5605,0.602,0.134,0.113,225118718207.1563
Luxembourg,2012,7.054,1.304,1.14011859893799,0.5605,0.602,0.134,0.113,59776383527.36017
Belgium,2012,6.967,1.304,1.14011859893799,0.5605,0.602,0.134,0.113,496152879924.7267
United Kingdom,2012,6.883,1.304,1.14011859893799,0.5605,0.602,0.134,0.113,2707089726614.636
Oman,2012,6.853,1.304,1.14011859893799,0.5605,0.602,0.134,0.113,87408842652.79582
Brazil,2012,6.849,1.304,1.14011859893799,0.5605,0.602,0.134,0.113,2465227803011.568
France,2012,6.764,1.304,1.14011859893799,0.5605,0.602,0.134,0.113,2683671716967.188
Germany,2012,6.672,1.304,1.14011859893799,0.5605,0.602,0.134,0.113,3527143188785.157
Qatar,2012,6.666,1.304,1.14011859893799,0.5605,0.602,0.134,0.113,186833502362.63736
Chile,2012,6.587,1.304,1.14011859893799,0.5605,0.602,0.134,0.113,267024782480.2805
Argentina,2012,6.562,1.304,1.14011859893799,0.5605,0.602,0.134,0.113,545982375701.128
Singapore,2012,6.546,1.304,1.14011859893799,0.5605,0.602,0.134,0.113,295092888076.5895
Trinidad and Tobago,2012,6.519,1.304,1.14011859893799,0.5605,0.602,0.134,0.113,27334581560.283688
Kuwait,2012,6.515,1.304,1.14011859893799,0.5605,0.602,0.134,0.113,174047695598.6865
Saudi Arabia,2012,6.48,1.304,1.14011859893799,0.5605,0.602,0.134,0.113,741849866666.6666
Cyprus,2012,6.466,1.304,1.14011859893799,0.5605,0.602,0.134,0.113,25047433100.13009
Colombia,2012,6.416,1.304,1.14011859893799,0.5605,0.602,0.134,0.113,370691143018.0386
Thailand,2012,6.371,1.304,1.14011859893799,0.5605,0.602,0.134,0.113,397558325278.5791
Uruguay,2012,6.355,1.304,1.14011859893799,0.5605,0.602,0.134,0.113,54232266358.78108
Spain,2012,6.322,1.304,1.14011859893799,0.5605,0.602,0.134,0.113,1324750738725.0002
Czechia,2012,6.29,1.304,1.14011859893799,0.5605,0.602,0.134,0.113,208857719320.6487
Suriname,2012,6.269,1.304,1.14011859893799,0.5605,0.602,0.134,0.113,4980000000.0
Japan,2012,6.064,1.304,1.14011859893799,0.5605,0.602,0.134,0.113,6272362996105.034
Slovenia,2012,6.06,1.304,1.14011859893799,0.5605,0.602,0.134,0.113,46577793184.003136
Italy,2012,6.021,1.304,1.14011859893799,0.5605,0.602,0.134,0.113,2086957656821.602
Guatemala,2012,5.965,1.304,1.14011859893799,0.5605,0.602,0.134,0.113,49593929487.1263
Malta,2012,5.964,1.304,1.14011859893799,0.5605,0.602,0.134,0.113,9461776291.799128
Ecuador,2012,5.865,1.304,1.14011859893799,0.5605,0.602,0.134,0.113,87735048000.0
Bolivia,2012,5.857,1.304,1.14011859893799,0.5605,0.602,0.134,0.113,27084497481.910275
Poland,2012,5.822,1.304,1.14011859893799,0.5605,0.602,0.134,0.113,495230523665.9008
El Salvador,2012,5.809,1.304,1.14011859893799,0.5605,0.602,0.134,0.113,21386150000.0
Paraguay,2012,5.779,1.304,1.14011859893799,0.5605,0.602,0.134,0.113,33271921136.314976
Peru,2012,5.776,1.304,1.14011859893799,0.5605,0.602,0.134,0.113,192650021648.5832
Malaysia,2012,5.76,1.304,1.14011859893799,0.5605,0.602,0.134,0.113,314443047642.11096
Kazakhstan,2012,5.671,1.304,1.14011859893799,0.5605,0.602,0.134,0.113,207998568865.78925
Croatia,2012,5.661,1.304,1.14011859893799,0.5605,0.602,0.134,0.113,57411354937.68076
Turkmenistan,2012,5.628,1.304,1.14011859893799,0.5605,0.602,0.134,0.113,35164210526.31579
Uzbekistan,2012,5.623,1.304,1.14011859893799,0.5605,0.602,0.134,0.113,67517349212.06092
Angola,2012,5.589,1.304,1.14011859893799,0.5605,0.602,0.134,0.113,128052915766.34274
Albania,2012,5.55,1.304,1.14011859893799,0.5605,0.602,0.134,0.113,12319834195.331003
Viet Nam,2012,5.533,1.304,1.14011859893799,0.5605,0.602,0.134,0.113,195590661129.24908
Nicaragua,2012,5.507,1.304,1.14011859893799,0.5605,0.602,0.134,0.113,10531964139.348614
Belarus,2012,5.504,1.304,1.14011859893799,0.5605,0.602,0.134,0.113,65685890438.89215
Mauritius,2012,5.477,1.304,1.14011859893799,0.5605,0.602,0.134,0.113,11668696396.788656
Russian Federation,2012,5.464,1.304,1.14011859893799,0.5605,0.602,0.134,0.113,2208293553878.4243
Greece,2012,5.435,1.304,1.14011859893799,0.5605,0.602,0.134,0.113,242029307133.40787
Lithuania,2012,5.426,1.304,1.14011859893799,0.5605,0.602,0.134,0.113,42927454291.478
Estonia,2012,5.426,1.304,1.14011859893799,0.5605,0.602,0.134,0.113,23019150071.18673
Algeria,2012,5.422,1.304,1.14011859893799,0.5605,0.602,0.134,0.113,227143746075.934
Jordan,2012,5.414,1.304,1.14011859893799,0.5605,0.602,0.134,0.113,31634561690.140846
Jamaica,2012,5.374,1.304,1.14011859893799,0.5605,0.602,0.134,0.113,14807086555.528316
Indonesia,2012,5.348,1.304,1.14011859893799,0.5605,0.602,0.134,0.113,917869913332.6486
Libya,2012,5.34,1.304,1.14011859893799,0.5605,0.602,0.134,0.113,92540938129.13144
Bahrain,2012,5.312,1.304,1.14011859893799,0.5605,0.602,0.134,0.113,30749308510.63829
Montenegro,2012,5.299,1.304,1.14011859893799,0.5605,0.602,0.134,0.113,4087526241.812683
Pakistan,2012,5.292,1.304,1.14011859893799,0.5605,0.602,0.134,0.113,250106966104.7036
Nigeria,2012,5.248,1.304,1.14011859893799,0.5605,0.602,0.134,0.113,463971018239.2805
Kosovo,2012,5.222,1.304,1.14011859893799,0.5605,0.602,0.134,0.113,6163484244.63408
Honduras,2012,5.142,1.304,1.14011859893799,0.5605,0.602,0.134,0.113,18528554397.56951
Portugal,2012,5.101,1.304,1.14011859893799,0.5605,0.602,0.134,0.113,216224240577.95743
Ghana,2012,5.091,1.304,1.14011859893799,0.5605,0.602,0.134,0.113,41271701060.95403
Ukraine,2012,5.057,1.304,1.14011859893799,0.5605,0.602,0.134,0.113,182591753827.9488
Latvia,2012,5.046,1.304,1.14011859893799,0.5605,0.602,0.134,0.113,28169902669.378365
Romania,2012,5.033,1.304,1.14011859893799,0.5605,0.602,0.134,0.113,179132893143.41733
Zambia,2012,5.006,1.304,1.14011859893799,0.5605,0.602,0.134,0.113,25503060420.026028
Philippines,2012,4.985,1.304,1.14011859893799,0.5605,0.602,0.134,0.113,261920540972.1021
China,2012,4.978,1.304,1.14011859893799,0.5605,0.602,0.134,0.113,8532185381680.593
Mozambique,2012,4.971,1.304,1.14011859893799,0.5605,0.602,0.134,0.113,16688114144.074518
Dominican Republic,2012,4.963,1.304,1.14011859893799,0.5605,0.602,0.134,0.113,60681535652.53735
South Africa,2012,4.963,1.304,1.14011859893799,0.5605,0.602,0.134,0.113,434400545085.8111
Lebanon,2012,4.931,1.304,1.14011859893799,0.5605,0.602,0.134,0.113,44016799515.75456
Lesotho,2012,4.898,1.304,1.14011859893799,0.5605,0.602,0.134,0.113,2477702216.268875
Morocco,2012,4.885,1.304,1.14011859893799,0.5605,0.602,0.134,0.113,106937392311.12907
Mongolia,2012,4.834,1.304,1.14011859893799,0.5605,0.602,0.134,0.113,12292770631.564993
Zimbabwe,2012,4.827,1.304,1.14011859893799,0.5605,0.602,0.134,0.113,17114849900.000002
Tunisia,2012,4.826,1.304,1.14011859893799,0.5605,0.602,0.134,0.113,47311401812.67335
Iraq,2012,4.817,1.304,1.14011859893799,0.5605,0.602,0.134,0.113,218002476129.47165
Serbia,2012,4.813,1.304,1.14011859893799,0.5605,0.602,0.134,0.113,43309252921.05673
Bosnia and Herzegovina,2012,4.813,1.304,1.14011859893799,0.5605,0.602,0.134,0.113,17226735995.690475
Bangladesh,2012,4.804,1.304,1.14011859893799,0.5605,0.602,0.134,0.113,133310747047.52785
Lao PDR,2012,4.787,1.304,1.14011859893799,0.5605,0.602,0.134,0.113,10192846339.40287
Hungary,2012,4.775,1.304,1.14011859893799,0.5605,0.602,0.134,0.113,128814279315.1317
India,2012,4.772,1.304,1.14011859893799,0.5605,0.602,0.134,0.113,1827637590410.953
Mauritania,2012,4.758,1.304,1.14011859893799,0.5605,0.602,0.134,0.113,6728208836.221428
Djibouti,2012,4.69,1.304,1.14011859893799,0.5605,0.602,0.134,0.113,1353632941.520698
Azerbaijan,2012,4.604,1.304,1.14011859893799,0.5605,0.602,0.134,0.113,69679944504.19719
North Macedonia,2012,4.574,1.304,1.14011859893799,0.5605,0.602,0.134,0.113,9745261300.577885
Ethiopia,2012,4.561,1.304,1.14011859893799,0.5605,0.602,0.134,0.113,43310721414.08288
Uganda,2012,4.443,1.304,1.14011859893799,0.5605,0.602,0.134,0.113,27305915910.78771
Myanmar,2012,4.439,1.304,1.14011859893799,0.5605,0.602,0.134,0.113,59937796648.21576
Cameroon,2012,4.42,1.304,1.14011859893799,0.5605,0.602,0.134,0.113,30155062302.44968
Kenya,2012,4.403,1.304,1.14011859893799,0.5605,0.602,0.134,0.113,56396704671.57766
Sudan,2012,4.401,1.304,1.14011859893799,0.5605,0.602,0.134,0.113,37632919966.66666
Tajikistan,2012,4.38,1.304,1.14011859893799,0.5605,0.602,0.134,0.113,7633036903.076341
Haiti,2012,4.341,1.304,1.14011859893799,0.5605,0.602,0.134,0.113,13708925477.130407
Sierra Leone,2012,4.318,1.304,1.14011859893799,0.5605,0.602,0.134,0.113,3789251613.360656
Armenia,2012,4.316,1.304,1.14011859893799,0.5605,0.602,0.134,0.113,10619320682.947445
Burkina Faso,2012,4.259,1.304,1.14011859893799,0.5605,0.602,0.134,0.113,12561015156.568283
Mali,2012,4.247,1.304,1.14011859893799,0.5605,0.602,0.134,0.113,12442035339.104927
Liberia,2012,4.196,1.304,1.14011859893799,0.5605,0.602,0.134,0.113,2791614000.0
Georgia,2012,4.187,1.304,1.14011859893799,0.5605,0.602,0.134,0.113,16894392033.225578
Nepal,2012,4.156,1.304,1.14011859893799,0.5605,0.602,0.134,0.113,21703100877.13089
Niger,2012,4.152,1.304,1.14011859893799,0.5605,0.602,0.134,0.113,9426912647.591106
Sri Lanka,2012,4.151,1.304,1.14011859893799,0.5605,0.602,0.134,0.113,70447216891.33658
Gabon,2012,4.114,1.304,1.14011859893799,0.5605,0.602,0.134,0.113,17170464016.059284
Malawi,2012,4.113,1.304,1.14011859893799,0.5605,0.602,0.134,0.113,8773203178.16512
Cambodia,2012,4.067,1.304,1.14011859893799,0.5605,0.602,0.134,0.113,14054443213.488718
Chad,2012,4.056,1.304,1.14011859893799,0.5605,0.602,0.134,0.113,12367362757.13416
Afghanistan,2012,4.04,1.304,1.14011859893799,0.5605,0.602,0.134,0.113,19907329777.58717
Bulgaria,2012,3.981,1.304,1.14011859893799,0.5605,0.602,0.134,0.113,54288135058.79262
Botswana,2012,3.97,1.304,1.14011859893799,0.5605,0.602,0.134,0.113,13907464500.148876
Madagascar,2012,3.966,1.304,1.14011859893799,0.5605,0.602,0.134,0.113,11578975061.947945
Senegal,2012,3.959,1.304,1.14011859893799,0.5605,0.602,0.134,0.113,17660870411.523518
Comoros,2012,3.851,1.304,1.14011859893799,0.5605,0.602,0.134,0.113,1015843490.823738
Guinea,2012,3.847,1.304,1.14011859893799,0.5605,0.602,0.134,0.113,7638045226.044156
Tanzania,2012,3.77,1.304,1.14011859893799,0.5605,0.602,0.134,0.113,39650394362.92873
Rwanda,2012,3.715,1.304,1.14011859893799,0.5605,0.602,0.134,0.113,7654762344.677663
Burundi,2012,3.706,1.304,1.14011859893799,0.5605,0.602,0.134,0.113,2333341334.457535
Central African Republic,2012,3.623,1.304,1.14011859893799,0.5605,0.602,0.134,0.113,2510126512.228313
Benin,2012,3.528,1.304,1.14011859893799,0.5605,0.602,0.134,0.113,11141358115.899054
Togo,2012,2.936,1.304,1.14011859893799,0.5605,0.602,0.134,0.113,5413544658.504504
Denmark,2011,7.856,1.304,1.14011859893799,0.5605,0.602,0.134,0.113,344003137611.2712
Finland,2011,7.579,1.304,1.14011859893799,0.5605,0.602,0.134,0.113,275604356167.31573
Norway,2011,7.524,1.304,1.14011859893799,0.5605,0.602,0.134,0.113,501360549669.4038
Netherlands,2011,7.512,1.304,1.14011859893799,0.5605,0.602,0.134,0.113,905270626332.6866
Canada,2011,7.499,1.304,1.14011859893799,0.5605,0.602,0.134,0.113,1793326630174.5186
Switzerland,2011,7.499,1.304,1.14011859893799,0.5605,0.602,0.134,0.113,715888126682.3959
Sweden,2011,7.379,1.304,1.14011859893799,0.5605,0.602,0.134,0.113,574094112972.7327
New Zealand,2011,7.372,1.304,1.14011859893799,0.5605,0.602,0.134,0.113,168295307149.46033
Australia,2011,7.345,1.304,1.14011859893799,0.5605,0.602,0.134,0.113,1398701323029.6284
Ireland,2011,7.284,1.304,1.14011859893799,0.5605,0.602,0.134,0.113,239170638711.3137
United States,2011,7.27,1.304,1.14011859893799,0.5605,0.602,0.134,0.113,15599732000000.0
Costa Rica,2011,7.251,1.304,1.14011859893799,0.5605,0.602,0.134,0.113,42762613699.95236
Austria,2011,7.227,1.304,1.14011859893799,0.5605,0.602,0.134,0.113,431685217367.51056
Israel,2011,7.199,1.304,1.14011859893799,0.5605,0.602,0.134,0.113,266791854430.8972
Belgium,2011,7.113,1.304,1.14011859893799,0.5605,0.602,0.134,0.113,523330354138.1333
Luxembourg,2011,7.051,1.304,1.14011859893799,0.5605,0.602,0.134,0.113,61696281326.245255
United Arab Emirates,2011,6.977,1.304,1.14011859893799,0.5605,0.602,0.134,0.113,360832739550.7148
United Kingdom,2011,6.936,1.304,1.14011859893799,0.5605,0.602,0.134,0.113,2663805834828.0723
Iceland,2011,6.888,1.304,1.14011859893799,0.5605,0.602,0.134,0.113,15221622925.931889
Panama,2011,6.863,1.304,1.14011859893799,0.5605,0.602,0.134,0.113,34686224300.0
Spain,2011,6.761,1.304,1.14011859893799,0.5605,0.602,0.134,0.113,1480710495710.1196
France,2011,6.746,1.304,1.14011859893799,0.5605,0.602,0.134,0.113,2865157541994.169
Mexico,2011,6.74,1.304,1.14011859893799,0.5605,0.602,0.134,0.113,1229013703416.7583
Brazil,2011,6.697,1.304,1.14011859893799,0.5605,0.602,0.134,0.113,2616156223977.466
Saudi Arabia,2011,6.597,1.304,1.14011859893799,0.5605,0.602,0.134,0.113,676634666666.6666
Puerto Rico,2011,6.593,1.304,1.14011859893799,0.5605,0.602,0.134,0.113,100351700000.0
Italy,2011,6.578,1.304,1.14011859893799,0.5605,0.602,0.134,0.113,2294994296589.4985
Kuwait,2011,6.574,1.304,1.14011859893799,0.5605,0.602,0.134,0.113,154039231299.1275
Germany,2011,6.572,1.304,1.14011859893799,0.5605,0.602,0.134,0.113,3749314991050.591
Qatar,2011,6.569,1.304,1.14011859893799,0.5605,0.602,0.134,0.113,167775268626.37363
Turkmenistan,2011,6.568,1.304,1.14011859893799,0.5605,0.602,0.134,0.113,29233333333.33333
Singapore,2011,6.549,1.304,1.14011859893799,0.5605,0.602,0.134,0.113,279356499090.45807
Belize,2011,6.451,1.304,1.14011859893799,0.5605,0.602,0.134,0.113,1818831938.17757
Cyprus,2011,6.416,1.304,1.14011859893799,0.5605,0.602,0.134,0.113,27641551807.299408
Czechia,2011,6.36,1.304,1.14011859893799,0.5605,0.602,0.134,0.113,229562733398.9475
Guatemala,2011,6.277,1.304,1.14011859893799,0.5605,0.602,0.134,0.113,46876006272.23869
Trinidad and Tobago,2011,6.263,1.304,1.14011859893799,0.5605,0.602,0.134,0.113,25433011405.30167
Argentina,2011,6.242,1.304,1.14011859893799,0.5605,0.602,0.134,0.113,530158122010.4424
Jamaica,2011,6.208,1.304,1.14011859893799,0.5605,0.602,0.134,0.113,14444661522.146338
Colombia,2011,6.202,1.304,1.14011859893799,0.5605,0.602,0.134,0.113,334966134804.887
Greece,2011,6.133,1.304,1.14011859893799,0.5605,0.602,0.134,0.113,282995942006.557
Chile,2011,6.128,1.304,1.14011859893799,0.5605,0.602,0.134,0.113,251382573885.5944
Japan,2011,6.059,1.304,1.14011859893799,0.5605,0.602,0.134,0.113,6233147172341.349
Guyana,2011,5.993,1.304,1.14011859893799,0.5605,0.602,0.134,0.113,3691384317.521781
Malta,2011,5.96,1.304,1.14011859893799,0.5605,0.602,0.134,0.113,9638728635.014296
El Salvador,2011,5.956,1.304,1.14011859893799,0.5605,0.602,0.134,0.113,20283780000.0
Slovenia,2011,5.922,1.304,1.14011859893799,0.5605,0.602,0.134,0.113,51583869785.18493
Uruguay,2011,5.898,1.304,1.14011859893799,0.5605,0.602,0.134,0.113,50342406067.07767
Malaysia,2011,5.823,1.304,1.14011859893799,0.5605,0.602,0.134,0.113,297951668674.83466
Thailand,2011,5.804,1.304,1.14011859893799,0.5605,0.602,0.134,0.113,370818739623.622
Poland,2011,5.803,1.304,1.14011859893799,0.5605,0.602,0.134,0.113,524374183218.3088
Jordan,2011,5.706,1.304,1.14011859893799,0.5605,0.602,0.134,0.113,29524149154.92958
Bolivia,2011,5.633,1.304,1.14011859893799,0.5605,0.602,0.134,0.113,23963164696.591965
Croatia,2011,5.623,1.304,1.14011859893799,0.5605,0.602,0.134,0.113,62772620898.64712
Kazakhstan,2011,5.594,1.304,1.14011859893799,0.5605,0.602,0.134,0.113,192626464617.0712
Lithuania,2011,5.588,1.304,1.14011859893799,0.5605,0.602,0.134,0.113,43535051482.386894
Bahrain,2011,5.568,1.304,1.14011859893799,0.5605,0.602,0.134,0.113,28776595744.68085
Belarus,2011,5.566,1.304,1.14011859893799,0.5605,0.602,0.134,0.113,61762382327.93193
Honduras,2011,5.564,1.304,1.14011859893799,0.5605,0.602,0.134,0.113,17710275685.407448
Mauritius,2011,5.477,1.304,1.14011859893799,0.5605,0.602,0.134,0.113,11518413429.968351
Viet Nam,2011,5.425,1.304,1.14011859893799,0.5605,0.602,0.134,0.113,172595049183.9247
Ecuador,2011,5.425,1.304,1.14011859893799,0.5605,0.602,0.134,0.113,78986648000.0
Kosovo,2011,5.42,1.304,1.14011859893799,0.5605,0.602,0.134,0.113,6341613609.979761
Cuba,2011,5.418,1.304,1.14011859893799,0.5605,0.602,0.134,0.113,68990000000.0
Paraguay,2011,5.398,1.304,1.14011859893799,0.5605,0.602,0.134,0.113,33756238766.500004
Algeria,2011,5.368,1.304,1.14011859893799,0.5605,0.602,0.134,0.113,218331946925.3036
Estonia,2011,5.33,1.304,1.14011859893799,0.5605,0.602,0.134,0.113,23213994093.463085
Portugal,2011,5.327,1.304,1.14011859893799,0.5605,0.602,0.134,0.113,245117990242.2476
Myanmar,2011,5.322,1.304,1.14011859893799,0.5605,0.602,0.134,0.113,59977326085.99077
Russian Federation,2011,5.284,1.304,1.14011859893799,0.5605,0.602,0.134,0.113,2045922753398.036
Peru,2011,5.258,1.304,1.14011859893799,0.5605,0.602,0.134,0.113,171761737046.58508
Uzbekistan,2011,5.225,1.304,1.14011859893799,0.5605,0.602,0.134,0.113,60178909297.20801
Romania,2011,5.178,1.304,1.14011859893799,0.5605,0.602,0.134,0.113,192613579705.88544
Libya,2011,5.178,1.304,1.14011859893799,0.5605,0.602,0.134,0.113,48169263294.10074
Lao PDR,2011,5.161,1.304,1.14011859893799,0.5605,0.602,0.134,0.113,8750104617.173029
Indonesia,2011,5.159,1.304,1.14011859893799,0.5605,0.602,0.134,0.113,892969104563.1713
Pakistan,2011,5.149,1.304,1.14011859893799,0.5605,0.602,0.134,0.113,230586581059.6654
Montenegro,2011,5.147,1.304,1.14011859893799,0.5605,0.602,0.134,0.113,4544428421.495127
Tunisia,2011,5.141,1.304,1.14011859893799,0.5605,0.602,0.134,0.113,48123325825.07389
Albania,2011,5.134,1.304,1.14011859893799,0.5605,0.602,0.134,0.113,12890760315.14602
Nicaragua,2011,5.115,1.304,1.14011859893799,0.5605,0.602,0.134,0.113,9774307336.23792
South Africa,2011,5.101,1.304,1.14011859893799,0.5605,0.602,0.134,0.113,458199494830.8336
Ukraine,2011,5.089,1.304,1.14011859893799,0.5605,0.602,0.134,0.113,169333835201.5541
Lebanon,2011,5.049,1.304,1.14011859893799,0.5605,0.602,0.134,0.113,39927125961.5257
Dominican Republic,2011,5.036,1.304,1.14011859893799,0.5605,0.602,0.134,0.113,58029773599.45505
India,2011,4.975,1.304,1.14011859893799,0.5605,0.602,0.134,0.113,1823051829895.1328
Djibouti,2011,4.957,1.304,1.14011859893799,0.5605,0.602,0.134,0.113,1239144501.7752545
Hungary,2011,4.943,1.304,1.14011859893799,0.5605,0.602,0.134,0.113,141942264554.47513
Namibia,2011,4.886,1.304,1.14011859893799,0.5605,0.602,0.134,0.113,12523359440.549862
Iraq,2011,4.882,1.304,1.14011859893799,0.5605,0.602,0.134,0.113,185749664444.4445
Bosnia and Herzegovina,2011,4.857,1.304,1.14011859893799,0.5605,0.602,0.134,0.113,18644233537.109337
Nigeria,2011,4.856,1.304,1.14011859893799,0.5605,0.602,0.134,0.113,414466676831.15967
Philippines,2011,4.825,1.304,1.14011859893799,0.5605,0.602,0.134,0.113,234216730295.9377
Bangladesh,2011,4.807,1.304,1.14011859893799,0.5605,0.602,0.134,0.113,128607482927.46776
Morocco,2011,4.793,1.304,1.14011859893799,0.5605,0.602,0.134,0.113,110080631332.37537
Latvia,2011,4.762,1.304,1.14011859893799,0.5605,0.602,0.134,0.113,27474380566.26504
Ghana,2011,4.705,1.304,1.14011859893799,0.5605,0.602,0.134,0.113,39336668080.55898
Zambia,2011,4.705,1.304,1.14011859893799,0.5605,0.602,0.134,0.113,23459515275.577595
Mozambique,2011,4.693,1.304,1.14011859893799,0.5605,0.602,0.134,0.113,14619279988.71596
China,2011,4.68,1.304,1.14011859893799,0.5605,0.602,0.134,0.113,7551545703440.755
Mauritania,2011,4.643,1.304,1.14011859893799,0.5605,0.602,0.134,0.113,6764627745.903299
Malawi,2011,4.624,1.304,1.14011859893799,0.5605,0.602,0.134,0.113,11648142958.365149
Tajikistan,2011,4.614,1.304,1.14011859893799,0.5605,0.602,0.134,0.113,6522756255.012003
Azerbaijan,2011,4.582,1.304,1.14011859893799,0.5605,0.602,0.134,0.113,65952796427.94731
Botswana,2011,4.581,1.304,1.14011859893799,0.5605,0.602,0.134,0.113,15110643612.17291
Serbia,2011,4.564,1.304,1.14011859893799,0.5605,0.602,0.134,0.113,49258136128.96716
Mongolia,2011,4.562,1.304,1.14011859893799,0.5605,0.602,0.134,0.113,10409797377.857063
Nepal,2011,4.474,1.304,1.14011859893799,0.5605,0.602,0.134,0.113,21573872420.70081
Armenia,2011,4.474,1.304,1.14011859893799,0.5605,0.602,0.134,0.113,10142111824.583546
Sudan,2011,4.424,1.304,1.14011859893799,0.5605,0.602,0.134,0.113,55018567210.52632
Senegal,2011,4.414,1.304,1.14011859893799,0.5605,0.602,0.134,0.113,17814283639.311874
Cameroon,2011,4.376,1.304,1.14011859893799,0.5605,0.602,0.134,0.113,30630910513.488373
North Macedonia,2011,4.369,1.304,1.14011859893799,0.5605,0.602,0.134,0.113,10494626767.64451
Uganda,2011,4.313,1.304,1.14011859893799,0.5605,0.602,0.134,0.113,27871725241.4723
Madagascar,2011,4.309,1.304,1.14011859893799,0.5605,0.602,0.134,0.113,11551819617.874023
Sri Lanka,2011,4.26,1.304,1.14011859893799,0.5605,0.602,0.134,0.113,67753284043.92818
Afghanistan,2011,4.258,1.304,1.14011859893799,0.5605,0.602,0.134,0.113,17805098206.314083
Rwanda,2011,4.204,1.304,1.14011859893799,0.5605,0.602,0.134,0.113,6884912956.964483
Kenya,2011,4.18,1.304,1.14011859893799,0.5605,0.602,0.134,0.113,46869473150.60999
Angola,2011,4.178,1.304,1.14011859893799,0.5605,0.602,0.134,0.113,111789747670.5905
Guinea,2011,4.171,1.304,1.14011859893799,0.5605,0.602,0.134,0.113,6785137215.557362
Niger,2011,4.122,1.304,1.14011859893799,0.5605,0.602,0.134,0.113,8772950777.791763
Cambodia,2011,4.101,1.304,1.14011859893799,0.5605,0.602,0.134,0.113,12829541141.061968
Ethiopia,2011,4.064,1.304,1.14011859893799,0.5605,0.602,0.134,0.113,31952763089.330025
Liberia,2011,4.04,1.304,1.14011859893799,0.5605,0.602,0.134,0.113,2398000000.0
Zimbabwe,2011,3.978,1.304,1.14011859893799,0.5605,0.602,0.134,0.113,14101920300.0
Mali,2011,3.967,1.304,1.14011859893799,0.5605,0.602,0.134,0.113,12995112690.2596
Burkina Faso,2011,3.926,1.304,1.14011859893799,0.5605,0.602,0.134,0.113,12080295977.563232
Chad,2011,3.919,1.304,1.14011859893799,0.5605,0.602,0.134,0.113,12172308851.039494
Georgia,2011,3.892,1.304,1.14011859893799,0.5605,0.602,0.134,0.113,15475290469.286894
Bulgaria,2011,3.889,1.304,1.14011859893799,0.5605,0.602,0.134,0.113,57737040780.015656
Tanzania,2011,3.8,1.304,1.14011859893799,0.5605,0.602,0.134,0.113,34657140096.4836
Haiti,2011,3.789,1.304,1.14011859893799,0.5605,0.602,0.134,0.113,13008746038.8867
Comoros,2011,3.7,1.304,1.14011859893799,0.5605,0.602,0.134,0.113,1023086273.5333632
Burundi,2011,3.678,1.304,1.14011859893799,0.5605,0.602,0.134,0.113,2235820809.3200555
Sierra Leone,2011,3.586,1.304,1.14011859893799,0.5605,0.602,0.134,0.113,2932274309.395695
Central African Republic,2011,3.568,1.304,1.14011859893799,0.5605,0.602,0.134,0.113,2437982705.120927
Benin,2011,3.493,1.304,1.14011859893799,0.5605,0.602,0.134,0.113,10693321363.657408
Togo,2011,3.007,1.304,1.14011859893799,0.5605,0.602,0.134,0.113,5422442166.4106245
